1802726,URS0000ACD410,NCBI,23S_CPR,Candidatus Yonathbacteria bacterium RIFCSPLOWO2_01_FULL_43_27 bacterial LSU rRNA,UUACAGGAAAUUAAGAGCAUAUGGUGGAUGCCUUGGUUCUCAGAGGCGACGAAAGACGUGGUAUGGCUGCGAUAAGCUUCGGGGAGGUGCCUAGCGACCUUUGAUCCGGAGAUCUCUGAAUGAGGAAACUCAUUGACUUUUAUAGGUCAAUACCUUACUUAGUAAGGUGCAUACCCAGGGAAGUGAAACAUCUCAGUACCUGGUGGAAAAUAAAAAAAGCUGCCGAAUGGCAGAACAUUUCCUGAGUAGCGGCGAGCGAAACGGAAAGAGCCCAAACCCCCACCACUGUUGACGCAAUAUUGAAAAAUAUUGUUUCAAGAGUGGUGGGGGGGUUGUAAGGCAAGAGCGUCGUAUUUAUACGAGAAAAGUUACAAAAUGUUUUGUUAGCUGAAGUUGCUGGAAAGCAACGCCCUAGACGGUGAUAGCCCGGUAAGCGAAAACUAAACAUCUUUUUUGCUCUUGUUCUUGAGUACUUCGAGACAUGAAUAGCUCGGGGGAAUCCAGGAGUACUAACUCCUAAGGCUAAAUACUCUGAGAAACCGAUAGUGAACUAGUACCGUGAGGGAAAGGUGAAAAGAACCCCGGCGAGGGGAGUGAAAUAGAACUGAAACCAUAUGCUUACAAGGAGUCGGAGCCCUUUCGGGGGUGACGGCGUGCCUAUUGAAGAAUGAGCCAACGAGUUCAUAUAUAUUGCGUGGCUAAGCCCUUUUCGGGCGGAGCCGUAGGGAAACCGAGUGUGAAUAGCGCGUUUGUAGUAUGUAUGAGACCCGAAGCCAGAUGAGCUUGCCAUGAGCAGGGUGAACUCUUGAGAAAUUAAGAGGGAGGCCCGAACCGGUUGGCCGUGCGACACCAUCGGAUGACUUGUGGUAAGGAGUGAAAAGCUAAUCGAAUCUGGUAAUAGCUGGUUCUCUCCGAAAUAGUUUUUGGACUAGCGUCUUGUGUACCCUCUGGGGGUAGAGCACUGGAAGGAUUGGACAGGGAGAAAUCUCGCUAAUCCUAUCAAACUCCGAAUACCAGAGAUUAAUUACAAGGCAGUAAGACUGCGGGGGCGAAGCUCCGUCGGUCAAAAGGGAAAAAGCCCAGAUCUCAAGUUAAGGUCCCUAAAUCUAUGCUAAGUGCACUUAAGGAGGUGGAGUUUCAUUGACAGUGAGGAUGUUGGCUUAGAAGCAGCCAUCAUUUAAAGAAAGCGUAACAGCUCACUCACUAAGAGAUUCUGCGCCGCAGAUAAUCGGGGCUAAGCAUAGUACCGAAACUGAGGGUUUUAUCGUCUUUCGAGAUGGUAAAGCGGUAGGAGAGCGUUCUUGUCUGCACUGAAGGGGAAGCGUGAGCAACCCUGGAGCGUCAAGAAGUGAGAAUGUUGGCACAAGUAACCACAAUGCGGGUGAGAUCCCCGCACGCCGUAAGACUAAGGUUUCCUUGGCGAUGAUAAUCAGCCAAGGGUUAGUCGGGCCUAAGGUGAUGGCGAAAGCCGGAACCGAUGGACACAGGGUUAAUAUUCCCUGACUUCUUUUUUGUGCGAUGGAGUGACGAAGAUUUGUAUGUUUCGCGCAUUAUUGGAUUUGCGUUUGUGGUAUGAGGGUGAUUCUCAGGUAAAUCCGGGAAUCUGGGUUUAAUCCCACUCCAAGUACAGCAGAAAUCGCGAGGUUCGCCUCGCGGGAUGAGACAGAGCAGUCUUCCGAGAAAAGCUUCUCAGCAUAACAAAAAAGAAACCGUACCGUAAACCGACACAGGUAGUCGAGUCGAGUAGACUAAGGCGAACGAGUGAUUGUUUCUCAAGGAACUCGGCAAAAAAGCAGCCGUAACUUCGGGAUAAGGCUUGCCUUUCCUCAGCAAUGAGGAGGGGCCGCAGCGAAAGAUUUCCUGGCAACUGUUUACCAAAAACACAGCUCCAUGCUAAUUCGUAAGAAGAUGUAUAUGGGGUGACGCCUGACCAAUGCCAGAAGGUCAAACAGUGGCGGUAUGCGCAUCACACAGGGUACGAUAAUUAUUAUCGCGCGUUGUGUGAUGCGUAUGCAGACCGUUGUAAGCCCUGGUGAAUGUCGGCAAUAACUAUAAUUGUCCUAAGGUUUCGGCACUGACUAUAUGUUGGUGCCGAAAGGAUUGGGACGAUUAUAGGGUGAGUGGUAAGCAAGUUAAAUAUAUUACACAUUGAAAUGCUACCUACAAUACAGCGAUGUAUUGUUGAUCCAAUCAUGGCUAACGAGAGACCAACGCCAUGCAUCCCAACUCUAUAUAGAGCGGAUGAAGAUAGAGUCCUUCUGUGAGGAAUAGAAGAGCGUAAUUCCUUGUCUGGUAAGUUCAGACGUGCACGAAUGGCGUAAUGACUGGGAAACUGUCUCGAGAAACAGCUCGGUGAAAAUACAAUACCGGUGAAGAUGCCGGUUACCUGCAGUUAGACGAAAAGACCCCAGAAGCUUUACUAUAGCUUGAUAUUGAGUAUGUUCUGUACCUGCGUAGCAUAGGUGGGAGGAUUUGAAGCAGCCUUUUCGGGGGCUGUGGAUCCGUCAGUGAAAUACCACUCUUGUUCGGGGCAUAUUCUAAUCUGUACGGAAAAAACGUGCGGUGACAGUAUCUGGUAGGUAGUUUGAGUGGGGCGCUCUCCUCCUAAAAAGUAACGGAGGAGUCUAUUAAGGUCCUCUAGGCGCGAAUGGAAACCGUGCCGAUAGCGUAAUGGCAAAAGAGGGCUUGACUGUAAGACGUACGAGUCGAGCAGGUGCGAAAGCAGAGCAUAGUGAACCGACAACACGCUUUAGACGCGGUUGAAGAUUAACGGAUAAAAGCUACUCUGGGGAUAACAGGCUAGUUCCGCCCAAGAGUUCAUAUCGACGGCGGAGUUCGGCACCUUAACAUAAUCGGGGUGCGUCAGGAGUAAUCCUGUAGCAACAAAUUUAUAAUCGUCAUUAAAUAAUAUAUAAAAGAAAUCUUGGCUUAUAACGGUGAAGCCCUUAUACAUGAACAAUAUAGGGGUAAUACCGUGGGAAGUUUGCAUUCAAGAAAGCGAUCACUUCAUAAUUUUAUGAAGAGCUACGCUGUAUUUUAAAAUACAGGAUUGAGUGUAUAACCCCGUAGAGACUUGUCAUCUGAGAGUGCAUAGUAUGCACAAUCACUAUAUGACAGAGUUAUGAGAAGAUCAUAGCUAAUACGCCAACGCCUCUUUGAUCGAGAGGGUGAAGAAUAGUCCGAUCCUCGCAGUAAUGCGAGACAAAUACGACAGCGAUGUCGGCUCAACUUAUCCUGGAGGUGGAGAAGCUUCCAAGGGUUUGGCUGUUCGCCAAUUAAAAAGUUACGCGAGCUGGGUUCAAACCGUCGUGAGACAGGUUGGUCUCCUAUCUACUGCAGGCGUUGAUUUUUGAGGGGAUUUGCUCCUAGUACGAGAGGACCGGAGUGAACUGACCUCUGGUGUGGCUGUUGUCCUGCCAAGGGCACCGCAGCAUAGCUAUGUCGGGAAUGGAUAACCUCUGAAAGCAUCUAAGAGGGAAGCCAACCCNNNNNNNNNNNNNNAAAGCAUCUAAGAGGGAAGCCAACCCCAAGAUCAGAAAUCGUUUGAGGCCCGUAAGAGAUUAUUACGUUGAUAGGCUCUAGGUGUACGGCGCGUAAGCGCUUUAGCCGAGGAGUACUAAUACGCCGAUU
1798405,URS000214318A,NCBI,23S_CPR,Candidatus Harrisonbacteria bacterium RIFCSPHIGHO2_12_FULL_48_16 bacterial LSU rRNA,AUAAGAGCGUAUGGUGGAUGCCUUGACACAAAAUGGCGAUGAAGGACGUAGCGUAGCUGCGAAAAGCCCCGGGGAGGUGUGUAGCAACCUUUGAUCCGAGGAUAUCCGAAUGGGGAAACCCUUUGGCGUAAACCGCCAAAAGUCCCGAACUUGUUUCGGGACAGCAUACCCGCUGAAGUGAAACUUCUCAGUAAGCGGAGGAAAAGAGAAAAAUUUUAUUCCGUUAGUAGCGGCGAGCGAAACCGGAACAGCCCAAACUUGUAUAUGUUUCGCAAGAAAUGUACACAAGGGUUGUAAGGUAAGAACAUUUUAGAGAUAUGAAAUAGGAUCAAUAUAGUAUCCUAUUUCGUGUUUCUAAAAAGAGGUUAUAAAUUGAUUUGCUAGUUGAAUGGGAUGGAAAGCCCAACCAGAGCAGGUGAUAGUCCUAUAGACGAAAGCAAAUCAACCUCUGUUUUUAUUCUUAAGUACCCCGAGGCCAAUAAACCUUGAGGGAAUCCGCCAGUACUAUCUGGCAAGGCUAAAUACAUUUUGUGAUCGAUAGUGAACUAGUACCGUGAGGGAAAGGUGAAAAGCAGGCCGGGAGGCCGGUGAAAUAGUACCUGAAACCAUAUGCUUACAAGGACCUGAAGGCUGAUGUUCGCCGCAAGGCGGAAUGGCUAACAGGGUGCCUAUUGAAGAAUGAGCCAACGAGUUUACGUCUGUUGCAAGUCUAAGCCGCUUCGGCGGUGAAGGCAUAGGGAAACCGAGUGUUAAUAGCGCGUUAGCAGCGAGCGUAAGACCCGAAGCCAAGGCGAGCUUACCCUGUCCAGGAUGAACCCCGAGUAAAAUCGGGGGGAGGUCCGAACUGGUGGGUUGUGCAAAACCCUCGGAUGAGGUGGGGUAAGAAGUGAAAAGCUAAUCGAGCUUGGUAAUUGCUGGUUCUCUCCGAAAUAGUUUUAGGACUAGCGGUUGGAGAUCUGUAUACGGGGGUAGAGCUACUGGUUCGAGAUUAUAGGGCGAAAGCUCGAAUCUCGAGUCAAACUCCGAAUACCGUAUAUAUUGUCCAACUAGUCAGACUACGGGGGCAAAGCUCCGUGGUCGCGAGGGAAAAAGCCCAGAUCGUCGUCUAAGGCCCCCAAAUUUUUGUUAAGUGUUAAAGGUAGUUUUCAACCAUAGACAGAUAGGAGGUUGGCUUAGAGGUAGCCAUCCUUUAAAGAGUGUGUAACAACUCACUAUUCGACGGUCGGAAGCGCCGAAAAUGUAUCAGGGCUAAACAAAAUGCCGAAGACACGGAUUCUAGCGCAUCUCACUAAAGUGAGAUGCUUAAAUGUUCAAAUUUUAAAUUAUUAAUUUUAAAUUAAAUCAAAAUGACAAAAUGUUUAAAAAUUUGUUAAUUUGGUCAUUCAUUUAAAAUUGAAAAUUAGAAAUUGAAAAUUUCAGAGCACCGAACUUUAGUGAGGUGCGUUGGAGUGGUAGGAGAGCAUUCUUAAUGCUGCGAAGGAGGAUCCGCGAGGACCUCUGGAGCGUUAAGAAGAGAGAAUGUUGGUAUGAGUAAUCACAAACCCAAUGAGAAAUUGGGUCCCCGAAAAUCCAAGGUUUCCGUGGCAAUGGCAAUCAUCCACGGGUUAGGCGAUCCUAAGGCAAUGGCGAGAGCCGCAGCUGAUGGGAAGCCGGUUAAUAUUCCGGCCCGUCUAUAAACGCGCGAUGGAGAGACGGAGAAAAUAAGCUUGAGCGCCUUAAUGGUUUGGCGUCGCUGAGUUUAAGAAUUGGCAUCCAGGAAAAUCCGGGUGCUUGCCUUCAAUGGCGAAAUUCGCGGCUUGGCGUAAGGUCGGGUUUUACCCGGCUAAUUCAAGUGAAGAGACUUCCGAGAAAAACUUCUAAGUUUAGUUUGUAGACACCGUACCGUAAACCGACACAGGUGGGUGAGGCGAGAAGCCUCAGGGGAACGAGUGACUCUUCGUUAAGGAACUCGGCAAAAAAGCGGCCGUAAGUUCGCAAUAAGGCCUGCCCUUCGCAAGAAGGGCCGCAGCUAAAGUAUCUCUGGCGACUGUUUACCAAAAACACAGCUCCCUGCUAACUCGCAAGAGGAUGUAUAGGGGGUGACGCCUGACCGAUGCGAGAAGGUUAACGAUGCCGGUACUUCUAAAAGCAAUUUUGGGAGCGCUGAGUGUCCGAAGCCCUCGUCAAUGUCAGCGGUAACUAUAACCGUUCUAAGGUGAAUUAAAUUGCUUUAGUAAAAUUUGGCUAUAUGCUGGAACGUCUGUGGAUAAAAUCCUUCAGAGUCGGCAUUACUAUGGUAUAAUACGACCAUAGUGAAAAUAUGACCGAUGCAGAUAAUCAGCAGGAAAGGCUAGAAAUUAGUAAUUGGAUAACCGGUUUCACCGACGGUGAAGGAUGCUUCACUAUCUCUGUAAUCAAAAAUCCAACUACGAGAUUUAGGAAGCAGAUUUUUCCGGAAUUUGUUAUUACGCAAGGCGCGAAAAGUUUAUCCGCGCUAGAAAAAAUCAAAAAGUUUUUCAAUUGUGGAAGUAUCGUUUUAAACAAACGAUACGACAAUCACAAUGAACAUCUUUACAGAUAUUGCGUGAGAUCAAUUUCGGAAUUGCAUACUAAAAUAGUUCCUUUCUUCAAAAAUUUUCCACUCCGAACAUACAAGCGCAAUGACUUUCUUGUUUUCAAGAGAGUUGUGGCGAUGAUGGUCAGGAAAAAACAUUUGACCGAAUCGGGAUGGGAAAAGAUUCUUAAACUCGCAAGUUUAACGAAUCGGAAGAAAGUACGUUUCUAGAAUCCUCAGAGACUAUACGCCAAACCCGUUGCACGCAACGGUGAAGAUAUAGUCCGAACUGCAUAGCGAUAUGCAGAGAUAAGUAGAAAUACUUAUCCGAAAUUCAUGAUUCCUGCCUGCCGGCAGGCAGGCAUAAUUCUUGAUUCAUGAUUCUCGUAACACAUUUGAGCGCAAUUCCUUUUCGGGUAAGUUCCGAAGCGCACGAAUGGCGUAACGACUGGAGAACUGUCUCAACGAAGAGCUCGAUGAAAAUGCGAUUCCCGUGAAGACGCGGGAUACCCGUAGCAAGACGAAAAGACCCCGGGAGCUUUACUGUAGUUUGGUAUUGGCUUCAAAACUUAAAUGCGUAGCGUAGUGGUGAGGGGAUGAAAUCCGCCUUUUGGGGCGGAUGG
1802224,URS000215C17F,NCBI,23S_CPR,Candidatus Staskawiczbacteria bacterium RIFOXYB1_FULL_38_37 bacterial LSU rRNA,UUAUAAGCGAAUGGCGGAUGCCUUGGGAUAUUGAUGCGAUGAAGGACGUGGCGUGCCUGCGAUAAGCAUCGGGGAGGUGGCUAGCAACCUUUGAUCCGGUGAUUUCCGAAUGAGGAAACUCAAUAUGAUUAAUCUCAUAUUAUCUGUCCAGCUUUUUGUACUUUAAAAAUUUAAAGUUUAAAAAGUUGGACAGAAGCGUACCCGGCGAAGUGAAACAUCUCAGUAGCCGGAGGAAAAGAGAACAAAGUUAUCCCCUUAGUAGUGGCGAGCGAACAGGGGGAAGCCUAAACAGAAUCUUUAGAUUCUGGGUUGUAAGGUUGUAGCGUCAGGAGCACUACCUUUUGCUUCGCAAAAGGAAUUAAAAAUUUAAAAUUUUAAAUUUAAAAUUUUUCGCGCGGAGCGCGAGGUAAUGCUUGCUGAGAGAGAAUACAAAAUAAUAGUGUUAAAAGAAGCACCCUGGAAAGGGGCGCCAUAGAGGGUAAUAGCCCCGUAUUCUAAAAUACUUAUUAUGCUCUUUGCUAUGAUUCUUGAGUACUGUCGGGAAUGAUAACCUGGCAGGAAGCAGGCCGAACUAUCGGCCAAGGCUAAAUAAUCAAUAUCACCGAUAGUGAACCAGUACCGUGAGGGAAAGGUGAAAAGUAGGGGGGUGACCCCGGUGAAAUAGUACCUGAAACCAUUUGCUUACAAAGAGUCGGAGCCCCGCCUUUGGCGGGGUGACGGCGUGCUUUUUGCAGAACGAGCCAACGAGUCUGGAUAUAUAAUUGUCUAAGCCCUUUUGGGGCGGAGGCAUAGCGAAAGCGAGUGUUAAAAGCGCGAAUUAUAAUUGUAUAUUCAGGACCCGAAGCGUGACGAGCUUGCCAUGAGCAGGAUGAAUCCCGCCGAAAGGCGGGAGGAGGUCCGAACUAGUGAGGCGUGCAAUCCUCUUGGAUGAUUUGUGGCAAGGAGUGAAAAGCUAAUCGAGUUACGUAAUAGCUGGUUCUUCCCGAAACAGCUUUAGGGCUGGCGUCUAUUAACAGCACACGGGGGUAGAGCACUGAAUAGAAUUCCUUGGAGUUUCUCCAGGUUCUCUAAUCAAACUCCGAAUACCGUGUGUUUUGGAUAGGCAGUUAGACUGCGGGGGCUAAGCUCCGUGGUCAAAAAGGAAACAGCCUAGAUCAUCGUCUAAGGUCCCUAAAUUAGACUAAGUGUUUUUAAGGAAGUAUUUUGCCCUAGACAGGCAGGAAGUUAGCUUAGAGGUAGCUAUCUUUUAAAGAGUGUGUAACAACUCACUGCCCAAAGUCUUUCCUUUGGAAAGGCAGGGGCGAGAUGCGCCAAAGAUUAUCGGGACUAAAGUCUAAUACCGAAGACAUGGAUUACUGCUCCUCACUUUUGUUCGGAGCUCAUCAACGAAUAACGAAUCAAUACGAAUGUACGAAUUAGUAAAUUCGUAACAAAUUCGUAAUUCGAUGAUGAAGCGACGAGCAGUAGCGAGGAGCGGUAGUGGUAGGGAAGCAUUCUGAGGGCACUGAAGCCGAAGUGUAAACGACGGUGGAGCGCUCAGAAGAGAGAAUGUUGGCCUGAGUAACCGCAUUGCAGGUGAAAGCCCUGCACACCGAAAGUCCAAGGUUUCCUUGGCAAUGGUAUUCAACCAAGGGUUAGGCGGUCCUAAGGCAAACCCGAAAGGGGCAGCUGAUGGACAGUCGGUUAAUAUUCCGACCCUCGGAUACAUUUUGAUAGAAAGACGCAUUACAGUAGUUUCAGCGGAUUAUUGGAUUUCACGCUCUUGCACUAAGGUAAAUCAAGGUGCGAGAAAAGCCCCGCCUUUGGCGGGACAAUUGAGAUGAGCGCGAUGCCCAGAAAAAAGCUAUCAAGCUAAUUGUAUUCGAACCGUACCGCAAACCGACACAGGUGGACAAGCGUAAGUAUGCUAAGGUGAACGGGUGAAACCUCGUUAAGGAACUCGGCAAACAAGUGGCCGUAAGUUCGCAAUAUGGCCUUCCCUCCACCGCAAGGUGGUCGGGAUGCAACAAACGUACUUCAAGCGACUGUUUAUCAAAAACACAGCUCCCUGCUAACUCGUAAGAGGAUGUAUAGGGGGUGAGGCCUGACCAGUGUUGGAAUGUUAAGUUUGGGGGUCUGAGCCGUAAGGUUCAGGCUCACUGAAUGAAGCACCAAUGAACGUCGGCGAUAACUAUAAGAUGACGAUUGUAGUUAUAAAACUUCGCUAUAUGCUGGAAACUCUGUAGUAUCUGAUGCUACUAUGUUAUAAUAUAUUAAAGGUGUAUUUACCCCUUUGAUAUUAUGCAAAGUAAAAAAGCAUUCAGUGCAGACAAUCAGCAGGAAAGAAUAGAAAUAUGUGGAUGGAUUACUGGGUUUGUAGAUGGAGAAGGGUCUUUUCUUGUAAAUAUAUUUCAAUCUCCAAGAGCAAAAAAUAAAUGGCAAGUUUUUCCUGAAUUUAAUGUUUCACAAUCAUUAAAAGGAAAAGAUUUGCUUCAUAAAUUAGAAAAAUUUUUUGCUUGCGGACAUAUAUACGCGCACAACGCGAGAAAUAUAAAACAAGGAAAAUGGGACCCUCUCUAUAAAUAUUGCGUCAGAAAUAGAAGCGAAUUGCAAGAAAAAAUUAUUCCUUUUUUCAAAAAUUAUAAAUGUUUUGGCAAAGCCAAAAUAAAUGAUUUUGAAAGAUUUGUUAAAGUUAUUGAAAUGAUGGAUAAGGGAGAACACUUAACAAAAAAGGGAAUGAUAAAAAUUGCAAGAAUCGCAGAAAAAAUGACGCAUCGCAAACCAUUUGAAGAAUCCUCAAUAUACAAAUUUCUAUUAUCCUCAGAGACUAUACGCGAAGCCCGUCAAAAUUAAUUUUUUGAAACGGGAUGAUAUAGUCCGCUCUUUAUGGCGACAUAAAGGCUGUCCCGAGAUUUACCUCUCGAAGGACUAAUAAAAAGAGAGAAAUCGUCCAAAGGUAACAAACGCAAUUGCUUUUGUAAAACUUGGCUAUAUGCUGGAAACUCCGUUGUAUCCGACAUUACCCCGAUUGUAUCGUGGGUGAAAAUAUGUUCGGUGCGGACAAUCAGCAGGGAAGAAUAAAGGAGAAAGCCAUGAAAAAAAGAGAAGUAAGUGAAAGAGUGUAUCAAUUAACGUAUGAGGAACGAUAUAUUGAUUGUAGCGGUGGU
1798009,URS0000AE3369,NCBI,23S_CPR,Candidatus Falkowbacteria bacterium RIFOXYD2_FULL_39_16 bacterial LSU rRNA,GUUAGACAUAAGGGCGUAUGGUGGAUGCCUAGACAUCAAAAACGAAGAAGGACGUAGUAGCCUGCGAUAAGCCUCGGUUAGGUGGCAAGCAACCUUUGACCCGGGGAUUUCCGAAUGGGGUAACCCGCUUUGAUUGAAGAUCAAAGCAUCACUGUCUGAAUAAAUAGGGCAGUGAAGACGACCUGGUGAAGUGAAACAUCUCAGUAGCCAGAGGAAAAGAAAACAAGACAUACGCGAAUUUAUUUGCGAAUAGAAUAAAUGGUUUGCCAAUAGCAAUAUUUGCUUCCGUUUAUAAAUGUUCGCAGAGAUAUUCGUGUGUUUCCAUUCCCUUAGUAGCGGCGAGCGAACGGGGAUCAGUCAAAAACUCUAUCAGUGUUUUAGGGAACCGGAAGGGAGUCGCAAGACAAACUUCCAUCCUUAAUUAAAGGUUUGGGCCGUUGCUGGUAGAGGGAUGAGAGUAGAUAACGUUGUUUUCCCAAUAAAACAGGUAAGAAAAGUCUCGCAAAACGAGAUCAGUUCCUAAGAGAACUUCUGUGGAAACAGAGACCAUAGAGGGUGAUAGUCCCUUAUCUGAAAGGAAUUGUAACCUUACGGUAAUUUACUCAAGUACUACAGGCCUCGUGAAAUCCUGUAGGAAUCAAGCACGACUAUGUGCUAAGACUAAAUAUUUUUGAUGAUCGAUAGUGAACAAGUACCAUGAGGGAAAGGUGAAAAGCAGGCCGGUUAGGCCGAUGAAAUAAUACCUGAAACCAUACGCUUACAAGGAGUCAGAGUCCCAACCUUAGCCGCAAGGCGAAAGGGGGAUGAUGGCGUUCCUAUUGAAGAAUGAGCCAACGAGUUUGCUAUACGUGGCUUGGUUAACCCCAAAACGGGGGAAGCCGAAGUGAAAGCGAGCCUUAAUAGGGCGUUGGAGUAUGCACUAAGAACCGAUUUCGUUGCGAGAAAUAAAAAUAUCGUGCGAAAGACCCGAAGAACGACGAGACGUAGUGAAUAAACUACGGCGAGAAGUUCUGAGGGGCUUGCAGCCGAGAUUUUUAUUUCGCAGUAGAAAUAGAUUUUUAGUGCAUACUCCUUGUGUCGCGUAUACAAAACCCGAAACCGGGUGAGCUAGCCAUGACCAGGGUGAAGGUUCGAGAAAUCGAACUGGAGGCCCGAACCCACGCACCGUGCAACAUGCGGGGAUGAGUUGUGGCUAGAGGAGAAAUUCCAAUCGAACUCGGUAAUAGCUGGUUCUCUCCGAAAUAGCUUUAGGGCUAGCCUCGGUUAUCGCACCUAGGGGUAGAGCACUGAAUGGUUUAAUCCCUGCUUUUGUAGGGUUAAACUAAUCAAACUCCGAAUACUAGGUGUUAAUUCCGAGAGUCAGACUGUGAGGGCUAAGCUUCACUAGUCAAAAGGGAAACAGCCCAGACCGUCGCUUAAGGUCCCUAAAUCUGAGUUAAGUGUGAAAGGUGGUGGAACGACUUAAACAACUAGGAGGUUGGCUUAGAAGCAGCCAUCCUUUAAAGAUAGCGUAACAGCUCACUAGUCAAGUUGUUCUGCAUCGACAAUAAACGGGACUAAACUCAGUACCGAAGGCACGGACAUCAUUGCUUUGCAAUGGUUUGGUAGGAGAGCAUUUUGUAACCACAGAAGUCGUAUCCGUGAGGAACGGUGGAGGUUACAGAAGUGAGAAUGUUGGCAUAAGUAGCAGAAAUGCUGUUGAAAACACAGCACACCGAUAACCCAAGGUUUCCUGGGCAACGCAAAUCGUCCCAGGGUUAGUCGGGCCUAAGCCGAGGCCGAAAGGCGUAGGCGAUGGACCAGCUGGUUAAUAUUCCAGCACUCCCGUAUUUUUGUUUUUAGAUGCGCUUUUAUGUGGCAAAAGAGUGUUUUGGUUAUACACUUGUAUUCCGUAGCAAUACGGAGGACUAAGAUGAAGCCGCAAGGUGGAAUCAAUUUUUGUAAAGUAAGAGCCUAGAAAAGUUUAAAAGCGUUAGGAAUACGGGAUCCGUACCGGAAACCGACACAGGUGGGUAAGGCGGGAAGCCUAAGGUGUACGGGAGAACCCUCGUUUAGGAACUCGGCAAAAAAACUAGGCGUAAGUUAGCAAUAAGCCUUCCCCGACGCAAGUUGGGGUGCAAUGAAAAUAUCUCAAGUGACUGUUUACCAAAAACACAGGUCCCUGCGAAGCCGUAAGGCAAUGUAUAGGGGCUGAUGCCUGGCCAGUGUCAGAACGUUAAGGGGAGAGGUUAGUCGCAAGACAAAGCCUUGAACUGAAGCGCUGAUGAACGCCGGCGAUAACUAUAAUCGUCCUAAGGUAGCGAAAUCCCUUGUCGGGUGAGUUCCGACCCGCACGAAUGGCAUAACAACUUGAGAACUGUCUCAACGAGGGACCCGGUGAAAUUGCAAGAGGGGUGAAGAUGCCCUUUUCCCAUAAUUAGACGAAAAGACCCCGUGAAGCUUUACUAUAGCUUGAUAUUGGGUUAGGAUUAAGCAUGUUCAGCGUAGGUGGGACCCGCAAGGGGCCAAUGAGACACCACCCUUGCUUAAUUUUAAUUCUAAUCCUGCGCCUAUAAGAGGUUGGAAAUUUUUUUCAAUUUCUUACAGGCGCGGGAGACAGUGUCUGGUGGGUAGUUUAACUGGGGCGGUUGCCUCCCAAAAAGUAACGGAGGCGUUUACAAAGGUUGGCUUAGCCCGGAUGGAAACCGGGCUGGACGUGUAAAGGCACAAGCCAGCUUUACUCGAAGACUUACAAGUCGCCGAGUUGCGAAAGCAUAACUUAGUGAUCCGACGAUCCAACAUAGGAUGGUCGAAGCUCAACGGAUAAAAGCUACUCCGGGGAUAACAGGCUGAUCUUGCCCGAGCGUCCAUAGCGACGGCAUGGUUUGGCACCUCGAUGUCGGCUCAUCGCAUCCUGGGGCUGAAGAAGGUCCCAAGGGUUUGGCUGUUCGCCAAUUAAAGCGGUACGCGAGCUGGGUUCAGAACGUCGUGAGACAGUUCGGUCUCCUAUCUAUUAUGGGCGUCGAAAUUUGAGAAGAUUCUUCCCUAGUACGAGAGGACCGGGAAGGACGAACCUCUAGUGUGCCAGUUGUCCUACCAAGGGCAUUGCUGGGUAGCUACGUUCGGCAACGGAUAAGCGCUGAAAGCAUCUAAGUGCGAAGCCGGCUUCAAGAUAAGAUUUCAUUUAGACCCCUUGGAGAAUACAAGGUUGAUAGGCGGUAGGUGUAAGACGAGUAAUCGUUUCAGCCGAGCCGUACUAAUAGGUCGAGUCUAACCACA
1802479,URS0000B0B137,NCBI,23S_CPR,Candidatus Woesebacteria bacterium RBG_13_46_13 bacterial LSU rRNA,UAAGUUUUUACAGAACGCAGACAGUGGAUACCUUGGUCUUAUCUACCGAAGAAGGACGUACAUGGUCGCGAUAGUCGUCGGGGAGCUGCCACGAAGCUUUGAUCCGGCGGUGUCCGAAUGGGGAAACCUCUGCUUUAUGCAGGCUUUUUCGCCAAGCGUUCCGAUUUAUCGGGACUACUAACGGAAAAGACGGGAACCACCCGAACUGAAACAUCUAAGUAGGGUGAGGAAGAGAAAACAAUGUGAUUGCGCAAGUAGCGGUGAGCGAAAACGCAGAAGCCUAAACCUUAGCUUGCUCCGCAAGGAGUUUGCUGGGGGGUUGCGGGACUUUAAUGUGAGACCUUGUUUGAUAGCGGAACGGCAUGGAAUUGCCGACCAUAGAGAGUGAAAGUCUUGUACGCGAAAUCAAACGAGGCUCUAGAAGUAUCCCAAGUACCACGGAGCACAUACUUUGUGGGAAUCUGGGGGAACCAUCCUCCAAGGCUAAAUAUAGAUAAGGACCGAUAGUGAACUAGUACCGCGAGGGAAAGGUUAAAAGAAGGGUGAGACACCCAGUGAAAUAGAACUUGAAACUGUUUGCGGACAAACCGAGAGAGCUCCUGUAAGGGAGUGAUCUCGUGCCUAUUGAAGAAUGAACCGGCGAGUUGCCGUCCUUUUCUAGUCUUACCGCGCAAGCGGGCAGGCGUAGGGAAACCGAGUCUUAAAAGGGCGUUUAGAAAAGUGCGGCAGACCCGAAACCAGGUGAUCUAACUAUGAGCAGGGUGAACCUCGAUGAAAAUCGAGGGGAGGCCCGAACCCGUCUGGGUUGCAAUCCGGUGGGAUGACUUGUGGUUAGCGGCAAAAUACCAAUCGAACCUGGAGAUAGCUGGUUCUCCCCGAAAGGUCUAUAGGGACCGUGCCACGCAAGGUGUUACUGAUGGUAGAGCACCGAAUGGGACAGAGAGGGCAACCAAUUUGUUUCAAUCGAACUCCGAAUAGCAGUGUACAUUAACGUGGUAGACAGUCACAUCGGGCUAAGCUGAUGUGGCGAGAGGGAAAAAUCCCAGACUUUCGUCUAAGGCCUCUAAGUUUAUCUUAAGUUUCAAAGGAAGUUCCUUUUCUCAAACAGCCAGGAGGUUGGCUCAGAAGCAGCCACCCUUUAAAGAAAGCGUAACAGCUCACUGGUCGACGGAAGGGGGCGCCAAAGAUUUAUCGAGGAUUAAAGAUAACGCCGAAGACAAAGAUGCGGAGCAAUCCGCGUGGUAGGGGAGCGUUCCGACAGCGGUGAAGUUGAACCGUAAGGUUUGAUGGAGCGGUCGGAAGUGAGAAUGCCGGUAUGAGUAGCGUACAACCUCAGUGAGAAUCUGAGGCACCGAAUACCCGAGGUUUCCGCCCAGACGUUCGUCGAGGGCGGGUUAGUCGGUACCUAAGGCGAGGCCACAUGGCGUAGUCGAUGGAUAACUAGUUAAAAUUCUAGUAUUUGGUUUGAAUCGUUAUUAGUUGGGGAAUGACUUGGAUGGAUAAUUGGAGCCAGUUCGUGAAGUCUGGUGCAAGCUGUUAAGUAGUGUCAGGUGGAAAAUCCCUUGAUGCGAUUAAUUAAGCAGUGAUGCAAAGUCCUGCGAGAGUGGGGCGAUUCCAACAAUUUCAACCAACAGGAAAAGUUUCGCAACGAGAUUCAGAUCAAGCCGUACCGUAAACCGACACAGGUGGGUUGGACUAGUAGUCUAAGGUGAGCGAGAGAAGGAUGUUCAAGGAAUUCGGCAAAAAAUCUACCCGUAACUUUGGGAGAUGGGUUACCCGUCGCAAGACGGGUCACAGCAAAAGUUUAUUUGUCGACUGUUUAUCAAAAACACAGGUCCCUGCGAAGUCGAAAGACACGGUAUAGGGGCUGACGCCUGCCCAGUGCUGGUAAGUUAAGGGGAGGGGUGAUUAUCGCAAGAUUUUUGCUCUGAACUAAAGCUCCAGUAAACGGCAGCAGUAACUAUAACUGUUCUACGGUAGCGAAGUUCCUUGUCGGGUAAGUUCCGACCCGCACGAAUGGCGUCACGAGCAAAUAACUGUCUUGAACAUUCACUCGGCGAAAUUGCGAUGGCUGUGAAGACGCGGCCUUGUUCCACCAGGACAAAAAGACCCCGUGGAGCUUUACUGUAGUUUGGCAUUGAUUUACUUAUUCUGAUUGUCAAGUGUAGGAGGGAGCGCAAGCGUCAAUGUGACACCUCUCUUUGGAAUGUAGCAAAUCUUACCCAGAAGCCUUGAAUACAGGUUUGGGAAAAGUGUCAGAUGGGCAGUUUUACUGGGGCGGUACCCUGCAAAAGUGUAACGCAGGGGUACAAAGGUUGGCUUACUACGGAUGGAAAUCGUAGGCAAAGCAUAAAGGUUAAAGCCAGCUUGACUGCAAGCGAGAAGUCGCGAGCAGGUGCGAAAGCAGGUCUUAAUGAUCCUCCGAUGCGUAAUGGGUAUGCACGGAGCUUAACUGAUAAAAGCUACCCCGGGGAUAACAGAGUAGUCGCGCCCGAGCGUCCAUAGCGACGGCGCGGUUCGCUACCUCGAUGUCGGCUCAUCACAUCCUGGCGCUGGAGAAGGUGCCAAGGGUCGGUCUGUUCGCCCGUUAAAGUGGUACGUGAGCUGGGUUCAGAACGUCGUGAGACAGUUCGGACUCUAUCCGGUGGAACCGUUUGAGUUUUGAAGGGAGUUGGCCUCAGUACGAGAGGACCAGGCUGAAGGAAUCCCUGGUGUGCCGGUUGUCGCGUCAGCGGCAACGCCGGGUAGCUAUAUUCCUAAGGGAUAACCGCUGAAAGCAUCUAAGUGGGAAGCCCACCCUAAGAUUAGAACUCGUCAUAGACCCCCAGGAGAAUACUGGGUUAAUCGGCUGGCGGUGGAAGCGGCGUAAGCUGUUAAGCCUACCAGUGCGAAUAGGUCGAGAGACUUA
1798391,URS0002134B50,NCBI,23S_CPR,Candidatus Gottesmanbacteria bacterium RIFCSPLOWO2_01_FULL_42_22 bacterial LSU rRNA,AAAGUCGACAACGGAUGCCUUGGCGGUUUUGGCCUAGGAAGGACGUUUGUAUACCAACGAUAUCGUCGGUUAGGCGGUUAGCAGCCUGCGAUCCGGCGGUUUCCGAAUGGGGUAACCCUCCCCCGAUAAUAUCGGGGGAAGGCAAUAGUGAAAGUUCUGUCCAAAAGACAGAAAAAUAGCUGUUGUCAGGGCACCGGGCGAACUGAAACAUCUAAGUAGCCCGAGGAAAAGAAAUCAAUUACGAGAUUCCGUCAGUAGCGGCGAGCGAAAGCGGAAGAGUCUAAACCCCGCCUUUGGCGGGGGGUUGCAGGGCUUCCAAUAUGGGAUGAAAGGAAGGUAACAGAACUGCCUGGAAUGGCAGACCACAGAGAGUGAAAGUCUCGUACGUAAAACCCGAAUUUCCCCUAGGGAGUACCUAAGUACCACGAAGCACGGCAAAACUUCGUGGGAAUCUGGGUGGUCCACCAUCCAAGACUAAACACCAAAACCGACCGAUAGUGAACUAGUACCGUGAGGGAAAGGUUAAAAGUACGCAGGUAAUGCGAGUGAAAUAGUACCUGAAAUUGUCGACUAACAAACAGCGAGAGUCCCGAUUUAUCGUGGAUGAUCGCGUGCCUAUUGAAGAAUGAACCGAUGAGUUGCCGUCCUUUCUUUUGUCUAAGCGAGUAUCUCGCGGAGGCACAGUGAAAGCGAGCCCUAAACGGGCGAAUUAUAGAGAGAGUACGGCAGACCCGAAACCGGGUGAGCUAAGCAUGGACAGGGUGAAUCCCGACGAAAGUCGGGAAGAGGCCCGAACCCGUUGUUGUUGCAAAAACAUGGGAUGAUCUGUGCUUAGGGGUAAUAUGCCAAUCGAACCCGGAGAUAGCUGGUUCUCCUCGAAAUAUAUUUAGGUAUAGCAUUCCGAUUUUGCCCAGGGGUAGAGCACUAGAUGGGAUAUCAAGCUUUUAGCGAGAUAUCUCAAUUAAACUCCGAAUACUGGUAGCAUUUUGUCGGAAUAGUCAGUCCGGCUCGGCUAAGCGAGUCAGGUCAAGCGGGGAAACAACCCAAACUCCCAAUUAAGGCCCCUAAAUUUUAGCUAAGUUGUAAAGGAAGUGAGAUUUCCCAGACACCCAGGAGGUUGGCUUAGAAGCAGCCAUCCUUCAAAGAGUGCGUAACAGCUCACUGGAUGAGAAAUCUCGCGCCGAAAAUGAACGGGGAUAAGCUAAAUGCCGAAAUUGGAGUCCCGCCUCUGGCGGGAGGUAGAGGAGCGUUCCUGUUGCAGUGAAGCUCAUUCCGUAAGGGAGGGUGGAGCGGCAGGAAGUGAGAAUGUCGGUAUGAGUAGCGAGAGUCCGAUGAAAAUUCGGACCGCCGUAAGCCCAAGGUUUCCGUCCCAACGUUCAUCGGGGACGGGUUAAUCGGAUCUAAGGCGAGUCCCUCCGAUUCGGAGGGGGUAGCUCGAUGUACAAGCCGUAGAAAUUCGGCUAUAGCUUUGAGAAGUUUCCUAGGGGAUGACGAGAUUGGAGCAGCGGAGUCUCGUACACACGGGAUUUAAAUCAUAAGAUAGUGAUAAUCGGAAAAUCCAUUAUUGCGUUUAAUCGAGUGAUGACGGAGAGUUCAAUGUUGAAAGACUGCGGACAAUUCCGCACGUUUCAGUGUCCAAGAAAAAUCUCACAGGCCCUCCGAUUCGGAGGGAAAUCUCAAGGUUUCCGUACCGCAAACCGACACAGGUGGGCUGGUAGAGUAUACUAAGGCGAACGGGAGAAAACGGUUCAAGGAACUCGGCAAAACAGCUGGGCGUAACCUAUGGGAGAUGCCCUGCCCCGAUUUAUCGGGGCCGCAGCAAAUGACGCUAACCGACUGUUUAACUAAAACACAGGUCUCUGCAAAGCCGAAAGGCAACGUAUAGGGGCUGACGCCUGCCCAGUGCACGAAGGUUAAGAUUCUUGGGUGACUCUCCAAAAGAGAUAAGCUUAGGACUCAAGCCCGUGUGAACGGCAGCAGUAACUAUAACUGUUCUAUGGUAGCGAAAUUCCUUGUCGGGUAAGUUCCGACCCGCACGAAAGGCAGAACGAGUUAGCGACUGUCUUGAGCCGUUACCCGGCGAAAUUGAAAUGGCUGUGAAGAUGCGGCCUACUUGCACCUGGACAAAAAGACCCCGUGGAGCUUUACUGUAGCUUGGCAUUGGGAAGACGUUUGAAACUGUCGAGUAUAGGAGGGACCCCGCCGCAAGGCGGGGAACAGUGGAAUACCUCUCUUUUUAAUCGUUAACCCUAAUCUCUUGGCCGCUCAAACAACCGGCAGGGAGACAGUGUCUGGUGGGCAGUUUCGCUGGGGAGGUGGCCUCCAAAAGUGUAACGGAGGCGUACAAAGGUCGGCUUAUCCCGGAUGGAAAUCGGGAUGUAAGUGCAAACGCAAAAGCCGGCUUGACUGAGAGACUUACAAGUCGAACAGGCGCGAAAGCGGGUGUUAGUGAUCCUCGGAUCCGCCGUGGUUGCGGACCGAGCUUAACGGAUAAAAGCUACCCCGGGGAUAACAGGCUGAUCGGGCCCGAGAGUCCAUAUCGACGGCCCGGUUUGGCACCUCGAUGUCGGCUCAUCCUAUCCUGGAGGUGGAGAAGCUUCCAAGGGUCCGGCUGUUCGCCGGUUAAAAGGGUACGCGAGCUGGGUUCAGAACGUCGUAAGACAGUAGACCAAUAAUGGUACGACAUCAUUAUUAAUUAGAGCUGUCUUUCCUUCAACGUUUUGGACAAUAAGAGGAAAUGAAGGAGAUCGCCCGUCCAGGGCGAAAUAAAUCUGGCUAAAUGCUGGAAAAUCCGAAGAAUCGUGUGAUACUUGAGAAGUAAUUAAAAUAGAGAUAACAUAUCUCUAUGAUCUCAAGUGAUAACUCAUCACGUGCGGACAAUCAGCAGGUAA
1802616,URS0002174710,NCBI,23S_CPR,candidate division WWE3 bacterium RIFCSPHIGHO2_01_FULL_40_23 bacterial LSU rRNA,AAAGCGUAUGGUGGAUGCCUAGGGUCUUUGUGCUGAUGAAGGACGUACUAAGCUGCGUUAAGCUUCGGGGAGCCGCUAAGAGGCGUUAUUACCCGGGGAUUUCCGAAUGGGGAAACCUGUUCUUGGACAACCUUGAACAUCCGCAAACGAAGGUUUGGCAGAAAUGCCGAAAGAUAGUUUGUGUGAAAGGCACUCUGCGAACUGAAACAUCUUAGUAGCAGAUGGAAAAAAGACAAUAUUUGUAUACCCGGAGUAGUGGCGAGCGAAACGGGCGGAGCCCAAACCCGAAUCUGACUUUAGUCAUCCCGGACUUGAUCCGGGAUCUACCGAUAGAUUCCCGCUUUCGCGGGAAUGACAAUCUAAGAUCUUGCGACAAGUACGGAAUGAUAUGUUAGAAAAGGGGGUUAUAGGACAACCUGUACUCAUACCUGACUGCCGACAGGCAGGCUUGAUAUGAGAAAUAGUUACAAAAUUUUCUCUAGAAGAACGGUCUGGAAAGUCCGGCCAAAGAGCGUUACAGCCGCGUAUUUGAAAGGGAAAAAUCUGUUUGGGUUGUUCCUGAGUAUCACGGGACACGUGAAAUCCUGUGAGAAUUUGGGAGGACCAUCUCCUAAGGCUAAAUACACAAAGACACCGAUAGUGAACUAGUACCGUGAGGGAAAGGUGAAAAGCACCCCUGUUAGGGGAGUGAAAUAGAAACUGAAACCGUAUGCUGACAAGCGGCCAGAGUCCCCCUUCGCUUUUUGCGUCGCAAAAAGCUUCGGCGAGGAUAUCCCAGAACACGAUUGUGUUUAUGGGCUUGUCCCGCGUAGCUUACUGCGGAGCAGGAAGCGGAGUGGGAUGAUGGCGUGCCUAUUGAAGAAUGAACCAGCGAGUUUUUCGUGCAGGCUAGCUUAACCCCGUUUUACGGGGGAGGCACAGCGAAAGCGAGUCUUAACGGGCGUUUAUCGUCUGUACGAAAAGACCCGAAGCCAGGUGAGCUUACCAUGAGCAGGUUGAAGCAUGGGUAAAACUAUGUGGAGGACCGAACCGGUGACUGCGGCAAAAGUCUCGGAUGACUUGUGGUAAGAGGUAAAACGUCAAUCGAACCUGGCGAUAGCUGGCUCUCCCCGAAAUAUAUUUUGGUAUAGCCUUCAGGUUAAGAUUUUGUGGGGUAGAGUUACUGAAAGGAUUGAAGGCGCGCAAGCGUACUUCAUCCUACCAAACUCCGAAUACGCAAAAUUCAUACUGAGGAGUCAGAACGUAGGAGCUAAGUUCUAUGUUCUAAAGGGAAACAGCCCAGACCAUCGGAUAAGGUCCCUAAAUCUAUGCUUAGUGGUAAAGGAAGUGAAAUUGUUUAGACAACUAGGAGGUUGGCUUAGAAGCAGCCACCCUUUAAAGAAAGCGUAACAGCUCACUAGUGAAACGGUUUUGCGCCGACAAUGUAACGGGGCUCAAGCAUAGUACCGAAGCUGUGGAUAUUUCGUCAGAGAUUCUUGCCUUCGUCGUCAUUGCGAACCCGCGUUUAGCGGGUGAAGCAAUCUCGACGGGAUCGCCACGGCCACUUUGUGGCCUCGCGAUGACGUAGGUAAGAACCUCUGGCGAAGUGUGGUAGGGGAGCAUUGAUGCGACUGUGAAGGUGAGCCGUGAGGCUUGCUGGAGUUUCAUCAAGUGAGAAUGCUGGUUUGAGUAGCGAAAGAAGGGUGAAAACCCCUUCCGCCGGAUAUCUAAGGUUUCCUCCACAACGUCAGUCGAUGGAGGUUUAGCCGGCCCUAAGGCGAGGCCGAAAGGCGUAGCCGAUGGAUAGCAGGUUAAUAUUCCUGCGCUGCCAUGUAUGCGUUACCAUCAAAGGGGUGACGAAGUUUGAGUAUUAAGGCCCAUUAGGGAUUUGGGUCCAGAAGGCAAGUCAGUCUCUAUAGGAAAAUCCGUAGAGGCGUUUAUAUGAGCCGAUGGGGAAGGAGAUCACAUCAACGAACCUUAUAGUCUUAAACUUCCCAGAAAAACCUCUAGAGAGCAUAAAUGGCAUCCGUACCGCAAUCCGACACAGGUAGAUUGGUAGAAAAUACCAAGGCGAACGGGAUAAUCGUGGCCGAGGAACUCGGCAAAUUACUACCGUAAGUUAGCAAAAAGGUAGGCCUAGGUGUACGAGCCUAGGUAGCAUAAAAAUGGCUCAAGCGGCUGUUUAACAAAAACACAGGUCUUUGCUCAACUCGUAAGAGGAUGUAUAAGGACCGACACUUGCCCAGUGUCCGUAAGUUAAAACCGGAGGUGACCCCACUUCGCCCGCAAGGGCUUCGCGGGGAGGCUUUUGGUAUAAGCUCGGAUGAACGGCAGCCCUAACUAUAAGGGUUCUAUGGUAGCGUAAUCCCUUGUCGUGUAAGUUACGACCCGCACGAAAAGUGUAACGACUUGAGCACUCUCUUAGUCACGAACCCGGCGAAAUAGAAGUAUCCGUGAAGAUGCGGAUUACCCGUUGUAGGACAAAAAGACCCCGUGGAGCUUUACUGUAGCUUGGCAUUGGGAAGGCGUUUUAAUUGUGUAGCAUAGGAGGGAGUCCGCCGCAAGGCGGGCAUCAGUGAAAUACCUCUCUGUUAACACUCUAACCCUAACUUGCCGCCGUUUAUCCGGCGGGAGGACAAUGUCUGGCAGGCAGUUUAACUGGGGCGGUUUCCCGCUAAAGUGUAACGCGGGAGCCCAAAGGUUCCCUUGGUCCCGAUGGAAAUGGGACUGUAAGUGUAAAGAUAUAUGGGAGCUUAACUGCGACACCUACAAGUGAAGCAGGUACGAAAGUAGGGCUUAGUGAUCCUCCGUUGCUUAAUGGAUGGCACGGAGCUUAUCGGAUAAAAGUUACCCCGGGGAUAACAGGCUGAUCUUACCCGAGCGUCCAUAGCGACGGUAAGGUUUGGCACCUCGAUGUCGGCUCAUCGCAUCCUGGAGGUGGAGAAGCUUCCUAGGGUCCGGCUGUCCGCCGGUUAAAGCGAUACGCGAGCUGGGUUCAGAGCGUUGUGAGACAGCUGAUCCGCAAUUAGAGACUGCGGGUGACAUUCGCCAGAAGGCGAAUUCGAACUGUCUAUAAAUUUAGCUAUAUGCUGGGAACUCUGGAGUAUCUAGAGCUACUUAAGACUUAAUGAUCUUAAGUGAAAAUGCUUCUAGUGCAGAUAAUCAGCAGGAAAGAUUAGUCUUAUGAUCAAUAUUCCUGAUUCUUAUUUUUCAGGUUUUGU
1617427,URS0000A39827,NCBI,23S_CPR,candidate division WS6 bacterium OLB21 bacterial LSU rRNA,UAAGCAAUUAAGAGUAUAUGGUGAAUGCCUUGGCACAAAAAGCCGAAGAAGGACGUGGCAGGCUGCGAUAAGCCUCGGAUAGCCGUCAACAGGCGCUUUAAUCCGGGGAUUUCCGAAUGGGGAAACCCACUUCUGUUUAAACAGAUUUACUACAUGCUGAAUAUAUAGGCAUGUUAGAGGUAAGCCGGUGAAUUGAAACAUCUCAGUAACCGGAAGAAAAAAGACAAAGAUUGUUAUUCCCUAAGUAGUGGCGAGCGAAAGGGGAAGAGCCCAAACUUCACAGGUAGGACAAGACUUCUGAGUCUGCGUUGCAGACAAGGUCGUCAAGUCGUCCCGGCAGGGAUGGUUGCAGUGAAGGGUUGUAGGGUGUAGCGACGGUAAUCUGCCGAGUACCGAGACAAGUUACCAAACAUAUAAUUAGUAAAAUACGGUUGGAAAGCCGAACCAAAGAAGGUAAUAGUCCUGUAUGCGAAAAUUAUCAUGUCUUGUCAGUUACAUACCUAAGUAUCACGGUCUAGGAGUAAUCCCGUGAGAAUCCGCCGGAACCACCCGGUAAGGCUAAAUACUUUUUGUGACCGAUAGUGAACAAGUACCGUGAGGGAAAGGUGAAAAGAACCCCUGUUAGGGGAGUGAAAUAGAAUCUGAAACCAUAUACUUACAAGCAGUCAAAGCAUCCUUUUAUUGGGAUGAUGGCGUGCCUAUUGAAGAAUGAGCCUGCGAGUUAUUACGUACCGUGCGGUUAAGCUGUUAAGCAGUGUAGCCAUAGGGAAACCAAGUCUGAAAGGGCGACUUUAUGGUGCGUAAUAGACCCGAAACCGAGUGAGCUAACCAUGAGCAGGUUGAACUCUGUAGAAAUACAGAGGGAGGACCGAACCGGUGAAUGUUUCAAAAUUCUUGGAUGACUUGUGGGUAGAGGUUACACGUCUAUCGAACUCGGAUAUAGCUGGUUCUCUCCGAAACAACUUUCGGGUUGGCCUUGGUUAGUAGCACAUGGAGGUAGAGCACUGAUUCGAUCGUCGGGGGAUUCGUCCUUACGGCAUCUUCUCAAACUCCGAAUGCCAUGUGUGUAAGACCAGGAGUUAGACUGUGGGAGAUAAGUUUCAUUUGUCAAAAGGGGAACAGCCCAGACCAUCUGCUAAGGUCCCUAAAUCUAUGCUAAGUGGAGAAGGAUGUGAGAUUUCAUAAACAGCCAGGAGGUUUGCUUAGAGGCAGCAAUCCUUUAAAGAGUGCGUAACAGCUCACUGGUCUAGAGGUCUUGCGCCGAUAAUUUAACGGGGCUCAAGCAUAGUACCGAAGCAAUGGAAUUGUGGUUCACACAAAGUGUUUUUAUGUAAGAUAACUAUGAACUCUUUGUGUGAACCAUAAUUGGUAGGAGAGCGUUGUGUGUGCGUUGAAGGCGUAGUUGUAAGACUUACUGGAGCGCACACAAGUGAGAAUGCAGGCAUGAGUAGCGUAAUCCAGGUGAAAAACCUGGACACCGAAUGAGUAAGGUUUCCUUGGCCAUGUUAGUCAUCCAAGGGUUAGUCGGUCCUAAGCCGAGGCUGAAAAGCGUAGGUGAUGGACAUCCGGUUAAUAUUCCGGAACCAUUCGUGUAUCGUUAUCAACUAUGGGGAGACUGGAGAGGAGAUUCUGAAGUGCUGAUAGGUCAGCAUUCAAGCAACAAGCCAGUUCUGUUAGGUAAAUCCGGCAGAACGCUAACGCGAGUUGUUACGACGAGCCAAAUCCUACGGGAAGCGGCGAGUUCAGAUAUUCUGUCUACUAGAAAACCCUCUAUGUGAGAUACAUGAUUGACCGUACCGCAAACCGACACUGGUACUCUGGUAGAGUAUACCAAGGUGUACGAGUUAGCCCUCGUUAAGGAAUUCGGCAAUUUAACCCCGUAACUUAGGGAGAAGGGGUCCCAGCGAUCUUCGGAUUUGCUGGGCGCAGAUAAAUGGCCCAAUCGACUGUUUAACAAAAACACAGGUCCCUGCAAAAGCGCAAGCUGAAGUAUAGGGGCUGACACCUGCCCAAUGCCAGAAGAUUACGGAAGGCGGUUAUCCACUUCGGUGGAGAAGCUGCUGACUUAAGUCCUGGUCAAUGGCGGCUGUAACUAUAACGGUCCUAAGGUAGCGAAGUUCCUCGGCGCUUAAUAGGCGUCCCGCACGAAAGGUGUAACGAGUUGGGCACUGUCUCAACGAGGGGCUCGGCGAACAUUGAAAUGGCAGUGAAGAUGCUGCCUACCCACACCAGGACAAAAAGACCCCGGGAUCUUUACUGCAUCUUGGCAUUGGAAUAGAGUUCCUUUUGUAGAGCGUAGGAGGGAGACUUUGAAGCAUUCGCGUCAGCGGGUGUGGAGUCGACAAUGUAACACCUCCCUUAAGCUAUUCUAUUUCUUAUUUCGACCGUAAUCCGGUUUGAAAGACAUUGUCAGGUGGGCAGUUUGACUGGGGCGGUUUCUUACUAAAGAGUAACGUAAGAUUUCAAAGGUCGACUCAAGCUGGAUGGAAAUCAGCUGUAGAGCGUAAUGGUAUAAGUCGGCUUUACUGCGAGACUGACAAGUCGAGCAGUUACGAAAGUAGGACAUAGUGACCCUUAGAUGGCGUGUGGAAGCGUCUUUGUUUAAAGGAUAAAAGUUACCCCGGGGAUAACAGGCUGGUCUUGCCCAAGCGUUCAUAGCGACGGCAAGGUUCGGCACCUCGAUGUCGGCUCGUCGCAUCCUGGGGGUGGAGAAGCUCCCAAGGGUUGGGCUGUUCGCCCAUUAAAGCGGCACGCGAGCUGGGUUCAAACCGACGUGAGUCAGGUUGGUCUCUAUCCGGUGUGGGCGUUAGAGUCUUGAGGGAAUUGACUUUCAGUACGAGAGGAUCAAGGUGAGGUAACCUCUGGUGAACCAGUUGUCCUACCAAGGGCACCGCUGGGUAGCUACGUUGCUAUUUGGAUAAACGCUGAAAGCAUAUAAGCGUGAAGCCAGGCCCAAGAUGAGGACUCUUUUAAGUCCCCCUGUAGAUAACAGGGUAUAUAGACUCCAGGUGUAAGCACAGUAAUGUGUGUAGCCGAGGAGAAACUAAUUGGACGUCAGCUUA
2026720,URS0000C9DFF2,NCBI,23S_CPR,Candidatus Saccharibacteria bacterium bacterial LSU rRNA,AAAGUUACUCAAGCGCACACAAAGGAUGCCUUGACAUGCAAUACCGAAGAAGGACGUGAAGAGCUGCGAAAAGCUCCGGGGAACAGCUACAUAUGUUUUGAUCCGGAGAUAUCCGAAUGGGGAAACCCGGUUAGAGUAAUGUCUAAUCACACCUGUCUGAACACAUAGGGCAGGGAGCAGGUAACCGCCCGAACUGAAACAUCUAAGUAGGGCGAGGAAGAGAAAGUAAACAACGAUUGCGGUAGUAGUGGCGAGCGAAUCCGCAACAGCCCAAACCUAAUUAUGCUCCAGCUGUAUUUCACGAUGCUUAGUGCUCUAAGCAUAUACGAGAGAUAUGGGUCAAAGAGAAAGAAACUAUCGGUAGCGACGCUACUCCUAGUUCUUUGUCGCGACUCUCUCGUACGCGAGCAUCAUGAUAUACAGCCGGUACGGCUGCUAGGCUAAUGCAUAGUAGGGGUUGUGACACAGAAAUAUCCUUUUGUAGGACGACCGACUUCGGUCGGUAGACUACAAAAGGCAGGAAAUGCUAGCACCAAUUUCCAUAAAGUCAGAAAUUCGUAACGCGAGCAGAAGCAGUUGGAAAGCUGUGCCAUAGACGGUGAUAGCCCGGUACGCCAAGUGUUACGAACUUUAUCAUUUCUGGUUGUCGAGUAGGUCGGGACACGUGAAACCCUGACUGAAUCCGGGGGGUCCACCCCCCAAGGCUAAAUAUAUUGCAUGAUCGAUAGAGAACAAGUACCGUGAGGGAAAGGUUAAAAGAACCCCGGGAGGGGAGUGAAAUAGAACCUGAAAUUGUGUGCGUACAAGGAGUCGGAGCAGAUUUAUUCUGUGACGGCGUGCUUUUUGUAGAACGAUCCAACGAGUUAUUUGACAUGGCAAGCUUAAGUCAUAUGACGUAAGCCAAGCGAAAGCGAGUCUGAAUAGGGCAUAUAGUCAUGUUAAAUAGACCCGAAACCGGGUGACCUAACCAUGGGCAGGCUGAAGCGCAGGUAAAACUGCGUGGAGGGCCGAACCAGGGUCUGUUGCAACAGGCUUGGAUGACCUGUGGUUAGCGGUGAAAUGCCAAUCGAACCCGGAGAUAGCUGGUUCUCCUCGAAAUAGCUUUAGGGCUAGCGUUGUACGGUAGCAUAUGGGGGUAGAGCUCUGUUUUGGACUGGGGGUCGCAAGAUUACCCACCCUUGACAAACUACGAAUACCAUAUGUGGAACUACAGCAGUUAGAACGGCGGGGCUAAGCUCGUCGCUCAAAAGGAAAACAGUCCAGAUCACCAUCUAAGGUCCCUCAGUGUAUGCUCAGUGGGAAACGAGGUGGGGUUUCUUAAACAACUAGGAUGUUGGCUUAGAAGCAGCCAUUCAUUUAAAGAGUGCGUAACAGCUCACUAGUCAAGAGACCCUGCGCGGAAAAUGUAACGGGGCUAAGCAUACCACCGAAGAUGUGAGCUCGUGCUUUGCACGAGCGGUAGAGGAGCGUUCCUCUCUGCGUUGAAGUUGUACCGCGAGGUAUGGUGGAGCGUGAGGAAGUGAGAAUGUUGGAAUGAGUAACCAUAAGGCAGGUGAGAAUCCUGCCCGCCGAAAGAGCAAGGUUUCCUGGGCCACGGUAAUCGUCCCAGGGUUAGUCGGUCCUAAGCCGAGGCGCGUAGCGUAGGCGAUGGACAACAGGUUAAUAUUCCUGUACCGGCAUGUGUUUGUUACAUGUGCGCGGCAUAAUAGUUGGAGCGGAUUCAUGGUUAUAUCCGUCUAAGGAGGAGAAAUGCCUCCAAAUGAAACGACCAUCAGGUUGAAUUCCGGUGAAAGUGCUGACUAGAAAAGCAGUGUAACGCGUGGCGCAAGCCGUCCGUACCGCAAACCAACACAGGUGCUCAGGUCGAGAAGACCAAGGCGUACGAGUGAUUCUUCGUUAAGGAACUCGGCAAACAAGCGGCCGUAACUUCGGGAUAAGGCCUGCCUGGGCUUCUCACUCGCGUGAGAAGUAUUUGUCGUUUUUCAUUGAUCGUUGAUCAUUAGUUUUUCGUUUUACAUCUUUCAUUUAGUGCACGUGAGCACCAAAAUGAUUGCUGUUAUUCGGUCAACUAAUGUUCAAGAAAAAUGCUAAACGCUCAAUGCUCGUCGCGUAAGUGAGGAGCCUGGGUCGCAGCUAAAGAACCCAUGCAACUGUUUACCAAAAACACAGGUCUGUGCUAACACGAAAGUGGAUGUAUACGGGCUGACGCCUGCCCAGUGCUGGAAGGUUAAGGAGAGUUGUGUAUGCAGCGAACUGAAGCCCCAGUGAACGGCGGCGGUAACUAUAACCGUCCUAAGGUAGCGAAAUUCCUUGUCAGGUAAGUUCUGACCCGCACGAAUGGCGUAAUGAUAUGGGUACUGUCUCAACGAAGAGCUCGGUGAAAGUGCAUUGACGGUAAAGAUGCCGUCUGUCCGCAGCAGGACGAAAAGACCCCGUGCAGCUUUACUACAGCUUGGCAUUGAGCCGGGUUAUAACAUGUGUAGGAUAGGUGGGAGGCUUUGAAGCUAAGACGCUAGUCUUGGUGGAGCCGCCGGUGAAAUACCACCCUUGUUAUGAUCUUGUUCUUACGGGGCCCUCAAAUUGCAGAGCAAUAAGAGGGCAUUGAUCAUGAGACAUUGAUCAUUGAGCACUAAUUUUUCAUUGUACGUUUGUCAUUGACGUACGGGCAAAAGCCCCGCAUGACACACGGCACCUGAUAAAUAAAUGCUCAGUGAAGAUGACAUAUGAAAAAUGACCCUUGAAAUUGAUCUUCAAUUUCAGGGUCCCGGACCGUGUCUGGUGGGUAGUUUAACUGGGGCGGUUGCCUCCUAAAGAGUAUCGGAGGCGUUCAAAGGUUGGCUAACUACGGAUGGAAAUCGUAGUGAUAGUGUAUACGCAGAAGCCAGCUUGACUGUGAGGCCUACAAGCCGAGCAGGGACGAAAGUCGGAGUAAGUUUUCCGCUGUCAGUACAUUUGUACAAGAGUGUGGUAUCGGCAGCGCUUUCGGAUAAAAGUUACGCCGGGGAUAACAGGCUUAUAGCGCCCAAUAGUUCACAUAGACGGCGCUGUUUGGCACCUCGAUGUCGGCUCAUCUCAUCCUGGGGCUGGAGCAGGUCCCAAGGGUCCGGCUGUUCGCCGGUUAAAGAGGUACGUGAGCUGGGUUCAGAACGUCGUGAGACAGUUCGGUUUAUAUCCGCUGUGGACGGCUGAGUAGCUAUCGUGCGGAAUAGAUAAGCGCUGAAAGCAUAUUAAGCGCGAAACUAGCCUCAAGAUAAGAUUUCCCUAUGAGGACCGUGAAAGACGAUCACGUUGAUAGGCGCAAGGUGUACGCAUAGUAAUGUGUUUAGCCGAAGCGUACUAAUCGUCCCAUUGACUUUUU
1801902,URS0000B20480,NCBI,23S_CPR,Candidatus Peregrinibacteria bacterium RIFOXYA2_FULL_33_21 bacterial LSU rRNA,GCGUAAAUUGGCGUAUGGUGAAUGCCUUGACUCUAAACUUCGACGAAGGACGUAGCAAGCUGCGAUAAGCCUCGGUGAGCUGCUAAGCAAGCUUUGACCCGGGGAUUUCCGAAUGGGGAAACCCAAUUUGAGUAAUGUCAAAUUAUCCCGCAUUUACUGCGGGAAGAAUACUUAGUGAACUGAAACAUCUCAGUAGCUAAGGAAAAGAAAUCAAAAGAGAUUCCCUUAGUAGUGGCGAGCGAACAGGGAACAGCCUAAACUUUACUGAUGCCAAGGUGGCAGCCGUUGUCAGUAGGGUGUUGCAGGAAUCUGCAUGUCAUUCUGUCAGGUGACGUUAGAAACAGUUGUUAUAGUUGAAUGACCCUGGGAAGGGCAACCAUAGGAGGUGAAAGUCCUGUAAAUGAAAUAACAUUUGUUUCUAAGUAGAUUUCCUAAGUAGGAUCGGACACGUGUAAUCCGGUUUGAAUCUGGGAAGACCACUUUCCAAGGCUAAAUAGGUUUAGAGAUCGAUAGUGAACAAGUACCAUGAGGGAAAGGUGAAAAGCACCCUUGUUAAGGGGAUGAAAUAGAACCUGAAACCAUAUGCUUUCAAGAAGUGGGAGCCCCAUGUCUCAUUACGUUCGAUAGUAUAUAAAUUACUUAUCGAGCAUAGCGAGAUGUGGGGUGACCGCGUACUUUUUGUAGAACGGGCCAACGAGUUAGCUAUGUGGGGCUUGGUUAAGGGGAUGAUACCCGGAGCCACAGCGAAAGCGAGUCUUAAUAGGGCGCAUUUUAGUCUCACAUACUAGACCCGAAACUGGGUGAUCUAUCCAUGGCCAGGCUGAAGUUUCGCGAAAGCGGAAUGGAGGGCCGAACUCAUCAGUUAUGCAAGACUGUGGGAUGAGCUGUGGAUAGCGGAGAAAUUCUAAUCGAACUCAGAGAUAGCUGGUUCUCCUCGAAAUAGCUUUAGGGCUAGCCUCGUGCUAUAAAAAUAUGGGGGUAGAGCACUGGAAAGGCUAGGGGGCCAAACAAGCCUACCAAACCUUACCAAACUUCGAAUACCAUAUUUAUGUCCACGGGAGUCAGACAGUGACAGCUAAGUGCCAUUGUCAAAAGGGAAACAGCCCAGACCGUCAUUUAAGGUCCCAAAUGGAAAUUAAGUGGAAAAGGAAGUAAAGUUUCUUAUACAACCAGGAGGUUGGCUUAGAAGCAGCCACCCUUUAAAGAGUGCGUAACAGCUCACUGGUCGAGAAAUUUUGCGCCGAAAAUGUAACGGGGCUCAAAUUUCCAACCGAAGAUACGGAUCCCGCCUUUUGGCGGGAUGGUAGAGGAGCGUUCUUAGGCGAUGAAGUCUCACUGUAAAGUGGGAUGGAGUACUAAGAAGUGCAAAUGUUGGCAUAAGUAACGCAAAGUCGCUGAAAAAGCGGCUCACCGAAUGUCCAAGGUUUCCCAAGCAACGUUAAUCGACUUGGGGUUAGUCGAUCCUAAGGUCAAGCUGAAAAGCGUAGCCGAUGGAUAACAGGUUAAUAUUCCUGUACAGUUUAUAAAUCGCCCAAGCAAAACUGGAGCAUGAUUAUAGAUAAAUUUUUGAAGUCUCGCCUUUGGUGAGAUGGAUAAAGUCUUUUAUAGUUUUUGUGAAAGUGGCGCUAACGAAGGGGGGACGCAGAUAGAUAGUUAGAGCGUGUUAAUGAAUUCACGUACAAGCUUCAAGUUUAUAUCCUUAUAUGUAAAUCAGUAAGGGCUUACAAGGAGUUAUGUAAAUUUUUCCGUUCGCGGAAGAAAAUUCUGGUGUGUUUAACUGCCAAGAAAAUCCUCGUCGUGAGAUUUAUAAGCUAUCGUACCGCAAACCAACGCUGGUGGAUAGGUAGAGUAUACUAAGGUGAUCGGGAUAACUAUGCUCAAGGAACUCGGCAAAAUAGCGGCCUUAACUUCGGGAUACGGCCUUCCAGUUGUGGUUUAAAAAUUAUGACUGGAUGCAAUUAACGAGCUCAUGCAACUGUUUAUCAAAAACACAGGUCCCUGCUAAGCUGCAAAGCGCAGUAUAGGGGCUGACGCCUGCCCAGUGCCAGAAGGUCACGAGGAGGAGUUCACGCUCUGAAUCUAAGCCCUGGUGAACGGCGGCCGUAACUAUAACGGUCCUAAGGUAGCGAAAUUCCUUGUCGGGUAAGUUCCGACCCGCACGAAUGGCGUAAUGAUAUGAGCACUGUCUCGAGCAUAGACCCGGUGAAAUUACAAAGACGGUAAAAAUGCCGUCACGUCAUGGUAGGACGAAAAGACCCUGUGCAGCUUUACUAUAGCUUGACAUUGUGUCUUGGUGUAGCUUGCGUAGGAUAGGUGGGAGACUUUGAUCUUCGGUUUUUGGAUCGAGGGGAGUCAUCCUUGAAAUACCACCCUUGCUACAUUGAGAUACUAACCUCGUAAUAAAUGCGGGGGACAUUGUUUGGUGGGUAGUUUAACUGGGGCGGUUGCCUCCCAAAGAGUAACGGAGGCGCGCAAAGGUUUUCUAACUCCGUAUGGAAAUCGGAGUGGUAGUGUAUUCGCACAAGAAAGCUUAACUGUUAGACCAACAAGUCGAACAGAUGCGAAAGCAGGUGAAAGUGAUCCGAUACCCCCACGUGGGUGGGGUAUCGCUCAACGGAUAAAAGUUACGCCGGGGAUAACAGGCUGAUCGAGUCCAAGAGUUCACAUCGACGACUCGGUUUGGCACCUCGAUGUCGGCUCGUCGCAUCCUGGGGCUGGAGAAGGUCCCAAGGGUUGGGCUGUUCGCCCAUUAAAGCGGUACGCGAGCUGGGUUCAGAACGUCGUGAGACAGUUCGGCCUUUAUCCUCCAUGACCACGCGGAAAUUUGAAGGAAUCUAUCCCUAGUACGAGAGGACCGGGAUGGACGAACCUCUGGUGUACCUGUUGUUGUGUCAACAGCAUCGCAGGGUAGCCAAGUUCGGGCAGGAUAACCGCUGAAGGCAUCUAAGCGGGAAACCUCACCUAAGAUAAAUUUCCCCAUUAGCCUCCUGGGAGAUGACCAGGUUGAUAGGUUGCCGGUAUAAGUCCUGUGAAGGAUGUAGCCAAGCAAUACUAAUAGGCGAUUGAAUUUU
