185431,URS000066817F,RNAcentral,5.8S,Trypanosoma brucei TREU927 5.8S ribosomal RNA,AACGUGUUGCGAUGGAUGACUUGGCUUCCUAUUUCGUUGAAGAACGCAGCAAAGUGCGAUAAGUGGUAUCAAUUGCAGAAUCAUUUCAUUGCCCAAUCUUUGAACGCAAACGGCGCAUGGGAGAAGCUCUCUCGAGCCAUCCCCGUGCAUGCCACAUUUCUCAGUGUCG
10116,URS00022B2E1E,RNAcentral,5.8S,Rattus norvegicus (Norway rat) 5.8S ribosomal RNA,AACUCUUAGCGGUGGAUCACUUUGGCCCGUGCGUCGAUGAAGAACGCAGCUAGCUGCGAGACUUAAUGUGAAUUGCAGGACACGUUGAUCAUGGACACUAUGAACGCACUUGAGGCCCCGGGUUCCUCCUGGGGCUACCCCUGUCUGAGAGGCC
39947,URS0000579C54,RNAcentral,5.8S,Oryza sativa Japonica Group (Japanese rice) 5.8S ribosomal RNA,ACGACUCUCGGCAACGGAUAUCUCGGCUCUCGCAUCGAUGAAGAACGUAGCGAAAUGCGAUACCUGGUGUGAAUUGCAGAAUCCCGUGAACCAUCGAGUCUUUGAACGCAAGUUGCGCCCGAGGCCAUCCGGCCGAGGGCACGCCUGCCUGGGCGUCAC
5911,URS00003890D2,RNAcentral,5.8S,T. thermophylia rRNA,AGAAAAUUUUCAACGGUGGAUAUCUAGGUUCCCGUGACGAUGAAGAACGCAGCGAAAUGCGAUACGCAAUGCGAAUUGCAGAACCGCGAGUCAUCAGAUCUUUGAACGCAAGUGGUGGAGGUGUAAAAACCUUCAUGUUUGUUUCAGUGUGGAA
36329,URS00006D6405,RNAcentral,5.8S,Plasmodium falciparum 3D7 5.8S ribosomal RNA,UAAUUUUAACGACGGAUGUCUUGGUUCUUACAGCGAUGAAGGCCGCAGCAAAAUGCGAUAAGCAAUGAAAAUUGCAAUGACUGUGUAUCAUCAGAAUGCUGAAUAUAAAUUAUACCUUUAUCUUCUCACGAAGAUUGAAUAAGGUAUUCUUAUAUGGAAUGAUC
7160,URS0000BB2FEA,RNAcentral,5.8S,Aedes albopictus (Asian tiger mosquito) 5.8S ribosomal RNA,AACCCUAGGCAGGGGAUCACUCGGCUCGUGGAUCGAUGAAGACCGCAGCUAAAUGCGCGUCAGAAUAUGAACUGCAGGACACAUGAACACCGACACGUUGAACGCAUAUUGCACAUCGUACCUCCAGUACGAUGUACACAUUUUUGAGUGCCUAU
13616,URS00006AED15,RNAcentral,5.8S,Monodelphis domestica (gray short-tailed opossum) 5.8S ribosomal RNA,AACUCUUAGCGGGUGGAUCUACUCGGCUCGUGCGUCGAUGAAGAACGCAGCUAGCUGCGAGAAUUAAUGUGAAUUGCAGGACACCAUUGAUCAUCGACACUUCGAACGCACUUGCGGCCCCGGGUUCCUCCCGGGGCUACGCCUGUCUGAGCGUCG
7955,URS0000A3CFB6,RNAcentral,5.8S,Danio rerio (zebrafish) 5.8S ribosomal RNA,CAACUCUUAGCGGUGGAUCACUCGGCUCGUGCGUCGAUGAAGAACGCAGCUAGCUGCGAGAACUAAUGUGAAUUGCAGGACACAUCGAUCAUCGACACUUCGAACGCACUUUGCGGCCCCGGGUUCCUCCCGGGGCCACGCCUGUCUGAGCGUCGCUU
9606,URS0000005270,RNAcentral,5.8S,H. sapiens rRNA,CGACUCUUAGCGGUGGAUCACUCGGCUCGUGCGUCGAUGAAGAACGCAGCUAGCUGCGAGAAUUAAUGUGAAUUGCAGGACACAUUGAUCAUCGACACUUCGAACGCACUUGCGGCCCCGGGUUCCUCCCGGGGCUACGCCUGUCUGAGCGUCGCUU
55529,URS0000481336,RNAcentral,5.8S,Guillardia theta 5.8S ribosomal RNA,UUCCUAGCCCCCAAUGGUGGAUAUCUUGGCUCCUGUAUCGAUGACGAACGCAGCAGCGCGCGAUAGGUGUUGUGAUCCGCAAAACUAUAUUUGAUCAUCGAGUCUUCGAACGCAAACGGCACGCUCCUCACCAUCCGGUGGAGUAGCGUGCGCCCGUCUGAGCAUCGUUUA
6238,URS0000048E92,RNAcentral,5.8S,Caenorhabditis briggsae 5.8S ribosomal RNA,CUAGCUUCAGCGAUGGAUCGGUUGCAUCGAGUAUCGAUGAAGAACGCAGCUUGCUGCGUUACUUACCACGAAUUGCAGACGCUUAGAGUGGUGAAAUUUCGAACGCANAGCACCGACUGGGUCUCCAGUCGGUACGUCUGGUUCAGGGUUGUU
7227,URS000061394B,RNAcentral,5.8S,D. melanogaster rRNA,AACUCUAAGCGGUGGAUCACUCGGCUCAUGGGUCGAUGAAGAACGCAGCAAACUGUGCGUCAUCGUGUGAACUGCAGGACACAUGAACAUCGACAUUUUGAACGCAUAUCGCAGUCCAUGCUG
6239,URS00006635D7,RNAcentral,5.8S,Caenorhabditis elegans 5.8S ribosomal RNA,UAGCUUCAGCGAUGGAUCGGUUGCAUCGAGUAUCGAUGAAGAACGCAGCUUGCUGCGUUACUUACCACGAAUUGCAGACGCUUAGAGUGGUGAAAUUUCGAACGCAUAGCACCAACUGGGCCUCCAGUUGGUACGUCUGGUUCAGGGUUG
10090,URS00023119A4,RNAcentral,5.8S,"Mus musculus 5.8S ribosomal RNA from Mus musculus (PDB 7CPU, chain L8)",CGACUCUUAGCGGUGGAUCACUCGGCUCGUGCGUCGAUGAAGAACGCAGCUAGCUGCGAGAAUUAAUGUGAAUUGCAGGACACAUUGAUCAUCGACACUUCGAACGCACUUGCGGCCCCGGGUUCCUCCCGGGGCUACGCCUGUCUGAGCGUCGCUUG
9598,URS00006C6C93,RNAcentral,5.8S,Pan troglodytes (chimpanzee) 5.8S ribosomal RNA,AUAUCUGAGUGGUGGAUCACCUGGCUGGUGUGUCGAUGAAUGAAGGACUCAGCUAGCUGUGAGAAUUAAUGUAAAUGGCAGGAUAUCUUGAUCACCAACACUUUAAAGACACUUGCAGCCCUGGGCUUCUCCUAGGGAUUUUUUUUUUAAAGGAUAA
3055,URS0000084B88,RNAcentral,5.8S,Chlamydomonas reinhardtii 5.8S ribosomal RNA,CAACUCUCAACAACGGAUAUCUUGGCUCUCGGAUCGAUGAAGAACGCAGCGAAAUGCGAUACGUAGUGUGAAUUGCAGAAAUACGUGAAUCAUCGAAUCUUUGAACGCAUAUUGCGCUCGAAGCUUCGGCCAAGAGCAUGUCUGCCUCAGCGUCGGGUU
280699,URS0000345746,RNAcentral,5.8S,Cyanidioschyzon merolae strain 10D 5.8S ribosomal RNA,AGCUCCUGGCGGUGGAUAUCUAGGCUCUCGCAGCGAUGAAGAACGCAGCAAAGCGCGAUAGUUGGUGCGAUUUGCAGGUUUCGUGAAUCAUCGAGUCUUUGAACGCAAGUGGCGCUCGCGGGUUCGCUCGCGAGCAUGCCUGUUUGAGUGUCAG
2769,URS00005588EF,RNAcentral,5.8S,Chondrus crispus (carragheen) 5.8S ribosomal RNA,ACUCGUCACGGUGGAUGUCUAGGCUCCCAGCAGCGAUGAAGAACGCAGCAAAAUGCGAUACGUAGUGCGAAUUGCAGAAUCCGUGAAUCAUCGAAUCUUUGAACGGCAAGUUGCGCUCGCGGGCAAUCCUGCGAGCAUGUCUGUUUGAGUGUCCGCACAA
227086,URS000008D0D1,RNAcentral,5.8S,Bigelowiella natans 5.8S ribosomal RNA,UCAUGACCVUUAGCGAAGGAUGUCUUGGUUCCGGCAACGAUGAAGAACGCWGCGAAAUGCGAUACGUAAUGCGAAUUGCAGAAUUCAGUGAAUCAUCAAAUUUUUGAACGCAAAUUGCGCUCCGUAGGUGUCCCCUUGGAGCAUGCCUCCUUCAGUGUCGUGU
3075,URS0000616A00,RNAcentral,5.8S,Auxenochlorella protothecoides 5.8S ribosomal RNA,CAACUCUCAACAACGGAUAUCUUGGCUCCCGUAUCGAUGAAGAACGCAGCGAAAUGCGAUACGUAGUGUGAAUUGCAGAAUUCCGUGAACCAUCGAAUCUUUGAACGCAAAUUGCGCCCAAGGCUUCGGCCGAGGGCAUGUCUGCCUCAGCGUCGGCUU
13221,URS0000555651,RNAcentral,5.8S,Chrysotila carterae 5.8S ribosomal RNA,CACAACUCCUGUCGAUGGAUAUCUUGGCUCUCGCAACGAUGAAGAACGCAGCGAAAUGCGAUACGUAGUGCGAAUUGCAGAAUUCAGUGAAUCAUCGAACCUUUGAACGCAAAUGGCGCUUUGCGGUUCCUCCGCGAAGCAUGUCUCUUCGAGUGGCGUCC
13706,URS0000148AA3,RNAcentral,5.8S,Syncephalastrum racemosum 5.8S ribosomal RNA,CAACUUUAAGCAAUGGAUCUCUUGGCUCUCGCAUCGAUGAAGAGCGUAGCAAAUUGCGAUAAUUAGUGCGAUCUGCAUUCUGCGAAUCAUCGAGUUCUUGAACGCACCUUGCACCCUUUGGCUUGUCCUUGGGGUAUGCUUGUUUCAGUACAACUACA
3088,URS0000138BFF,RNAcentral,5.8S,Tetradesmus obliquus 5.8S ribosomal RNA,ACAACUCUCAACAACGGAUAUCUUGGCUCCCGUAUCGAUGAAGAACGCAGCGAAAUGCGAUACGUAGUGUGAAUUGCAGAUAAUGUGAAUCAUCGAAUCUUUGAACGCAAAUUGCACUCGAGGCUCCGGCCGAGAGUAUGUCUGCCUCAGCGUCGGCUUC
7897,URS000072AA71,RNAcentral,5.8S,Latimeria chalumnae (coelacanth) 5.8S ribosomal RNA,AACUCGUAGUGGUGGAUCACUCAGCUCAUGCGUUGAAGAAGAAUACAGCUAGCUACGAGAAUUAGUGUGAAUUGCAGGACACAUUGAUCAUUGACACUUCAAAUGUACCUUGUGGCCCCGGGUUACUCCUGGGGCUACGCCUGUCUAAUUGAAG
461836,URS0000698A51,RNAcentral,5.8S,Thecamonas trahens ATCC 50062 5.8S ribosomal RNA,AACUUUCAACAACGGAUAUCUUGGUUCUCGCGACGAUGAAGAACGCAGCAAAGCGCGAUAGCUAGUGCAAAGUGCAAGGCCCAGUGAGUCAUCGAGAUUUUGAACGCAAAUGGCGGCUAGGCGUGAGAGUCUAGCCAUGUGUGGUCGAGUGACG
5888,URS00001AD33D,RNAcentral,5.8S,Paramecium tetraurelia 5.8S ribosomal RNA,AUGUCAUCAUUAUACCAGAAAAUUUUCAACGAUGGAUAUCUGGGUUCCCAUAACGAUGAAGAACGCAGCGAAAUGCGAUACGCAAUGCGAAUAGCAGAUCUGCGAGACAUUAGAUUUUCGAACGCACUUGGCGCUAGUUUACUAGCAUGUUUGUUUCAGUGU
37360,URS00004537E5,RNAcentral,5.8S,Plasmodiophora brassicae 5.8S ribosomal RNA,UACAACUCUUAGCAAUGGAUAUCUUGGUUCUCACAACGAUGAAGAACGCAGCGAACUGCGAUACGUAGUGCGAAUUGCAGAAUUCAGUGAAUCAUCAAAUCUUUGAACGCAAGUUGCGCUUCCGAGAUACCCUUGGAAGCAUGCCUCUUUGAGUGUCGGUU
5722,URS0000527ECE,RNAcentral,5.8S,"5.8S ribosomal RNA from Trichomonas vaginalis (PDB 5XY3, chain 4)",AAGUCUCUAAGCAAUGGAUGUCUUGGCUCCUCACACGAUGAAGAACGUGGCAUAAUGUGUUAAGUAACCGGAGUUGCAAACAUCAUGACAGGUUAAUCUUUGAAUGCAAAUUGCGCUAAACUCGAUCUCGGUCGAGAAGCAUGGGUGUGACAGUACUACAUC
9031,URS0000A92807,RNAcentral,5.8S,Gallus gallus (chicken) 5.8S ribosomal RNA,AACUCUUAGCGGUGGAAUUCACUCCGGCUCGUGCGUCGAUGAAGAACGCAGCUAGCUGCGAGAAUUAAUGUGAAUUGGCAGGACACAUUGAUCAUCGACACUUCGAACGCACUUGCGGCCCCGGGUUCCUCCCGGGGCUACGCCUGCCUGAGCGUCG
2903,URS0000C20820,RNAcentral,5.8S,Emiliania huxleyi 5.8S ribosomal RNA,AACUCCUGCCGAUGGAUAUCUUGGCUCUCGCAUCGAUGAAGAACGCAGCGAAAUGCGAUACGUAGUGCGAAUUGCAGAAUUCAGUGAAUCAUCGAACCUUUGAACGCAAAUGGCGCAUCCGGGCUCCGCUCGGACGCAUGUCUCUUCGAGGGGCG
70448,URS00005A2029,RNAcentral,5.8S,Ostreococcus tauri 5.8S ribosomal RNA,AACUCUCAACAAUGGAUGUCUUGGCUCUCGCAACGAUGAAGAACGCAGCGAAAUGCGAUACGUAGUGUGAUUUGCACUAUCCGUGAACCAUCGAAUCUUUGAACGCAUAUUGCACUCGAGGCUUCGGCCAAGAGUAUGCCUGCCUGAGCGUCAGUGU
5762,URS00006DDAAF,RNAcentral,5.8S,Naegleria gruberi 5.8S ribosomal RNA,AACUCUGUGCAAUGGAGCACACGGCUUAUGCAUCGAUGAAGCCCGCGGCAAAAAGCGAUAUGUAAUGAGAUUCGUUAGCCUCGCGAUUCAUCAAAUUGGUGAACACAUACUGGACCUCUUCGGAGGUACUUGCGUUAGAGUGCUA
33169,URS0000095CDF,RNAcentral,5.8S,Eremothecium gossypii 5.8S rRNA,AAACUUUCAACAACGGAUCUCUUGGUUCUCGCAUCGAUGAAGAACGCAGCGAAUUGCGAUAAGUAUUGUGAAUUGCAGAUUUUCGUGAAUCAUCGAAUCUUUGAACGCACAUUGCGUCCUCUGGUAUUCCAGGGGGCAUGCCUGUUUGAGCGUCAUUU
