10090,NR_046144,NCBI,5S,Mus musculus nuclear encoded rRNA 5S 136 (n-R5s136),GUCUACGGCCAUACCACCCUGAACGCGCCCGACCUCGUCUGAUCUCGGAAGCUAAGCAGGGUCGGGCCUGGUUAGUACUUGGAUGGGAGACCGCCUGGGAAUACCGGGUGCUGUAGGCUUU
6239,NR_070093,NCBI,5S,Caenorhabditis elegans 5S ribosomal RNA (rrn-4.3),AGCUUACAACAUCCAGGAUUCCCAGGCCGUCUCCGAUCCAAGUACUAACUGGACUCAACGUUGAUUAACUUGCCAGAUCGGACGGGAUGGCGUGCAUUCAACGUGAUAUGGUCGUAAGC
228908,NR_075165,NCBI,5S,Nanoarchaeum equitans Kin4-M 5S ribosomal RNA,AGGUUUCGUGGGAGGGCCAUAGCGGCCCGGGAACCACCCGUACCCAUCUCGAACACGGAAGUUAAGCCGGGCCGCGUCCCGAGUGGUACUGCCCCGCGAAGGGGUGGGAAGCUCGGGAUGCCC
283166,NR_075305,NCBI,5S,Bartonella henselae str. Houston-1 5S ribosomal RNA,GACUUGGUGGUUAUGGCGGAGUGAACGCACCCGAUCCCAUCCCGAACUCGGCCGUGAAACGCUCCAGCGCUGAUGGUACUUUGCCUUAAGGCACGGGAGAGUAAGUCGCUGCCAGGUCU
362976,NR_075191,NCBI,5S,Haloquadratum walsbyi DSM 16790 5S ribosomal RNA,GAGGCGGCCAGAGCGGCAGGGAAACACCUGUACCCAUCCCGAACACAGUGGUUAAGUCUGCAAGCGUUGGAGCACGUACUGGAGUGAGAGAUCCUCUGGGAGCGCUUCAUCGCCGCCUU
348780,NR_076024,NCBI,5S,Natronomonas pharaonis DSM 2160 5S ribosomal RNA,UAAGGCGGCCACAGCGGCGGGGCGACUCCCGUACCCAUCCCGAACACGGAAGAUAAGCCCGCCAGCGUUCCAGCGAGUACUUGAGUGCGCGAGCCUCUGGGAAAUCUGGUUCGCCGCCUA
240292,NR_075347,NCBI,5S,Trichormus variabilis ATCC 29413 5S ribosomal RNA,UCCUGGUGCCUAUGGUGCAGUGGAACCACUCUGAUUCCAUCCCGAACUCAGUUGUGAAACGCUGCUACGGCUACGAUAGUCUAGGGGUUGCCCUAUGCCACAAUCGCUCGGUGCCAGGUU
243276,NR_075106,NCBI,5S,Treponema pallidum subsp. pallidum str. Nichols 5S ribosomal RNA,CCUGGUUGCCAUGGUGGAGAGGUCAUACCCGUUCCCAUCCCGAACACGGAAGUCAAGCUCUCCUACGCCGAUGAUACUGCUCCUUCGCGGGAAAGUAGGUAGUAGCCAGGCU
269798,NR_103352,NCBI,5S,Cytophaga hutchinsonii ATCC 33406 5S ribosomal RNA,UGGUGGCUAUAGCGUUGGUGUUCACCUCUUCCCAUUUCGAACAGAGAAGUUAAGCCCAACUGCGCCAAUGGUACUGCAGUCAAAUGUGGGAGAGUAGGUCGCUGCCAACUU
242231,NR_103877,NCBI,5S,Neisseria gonorrhoeae FA 1090 5S ribosomal RNA,AAGUUUGGCGGCCAUAGCGAGUUGGUCCCACGCCUUCCCAUCCCGAACAGGACCGUGAAACGACUCAGCGCCGAUGAUAGUGUGGUUCUUCCAUGCGAAAGUAGGUCACUGCCAAAC
227941,NR_075147,NCBI,5S,Chlamydia caviae GPIC 5S ribosomal RNA,GCUUGGUGAUAAUGGAAAAAGGGACACACCUGACCCCAUUCCGAACUCAGAAGUUAAGCCUUUUAUCGCCGAUGGUACUAUACACAAGAGUAUGGGAGAGUAGGUCGUUGCCAAGCU
281090,NR_075150,NCBI,5S,Leifsonia xyli subsp. xyli str. CTCB07 5S ribosomal RNA,GUUUCGGCGGCCAUAGCGAGAGGGAAACGCCCGGUCACAUUCCGAACCCGGAAGCUAAGACUCUCUGCGCCGAUGGUACUGCAGGGGGGACCCUGUGGGAGAGUAGGACACCGCCGGACUU
214092,NR_075183,NCBI,5S,Yersinia pestis CO92 5S ribosomal RNA,UACCUGGCGGCAAUAGCGCGGUGGUCCCACCUGACCCCAUGCCGAACUCAGAAGUGAAACGCCGUAGCGCCGAUGGUAGUGUGGGGUCUCCCCAUGCGAGAGUAGGACACUGCCAGGUAUCAAAUA
273068,NR_075126,NCBI,5S,Caldanaerobacter subterraneus subsp. tengcongensis MB4 5S ribosomal RNA,GGUGGCGAUAGCGGAGGGGAAACACCCGUUCCCAUUCCGAACACGGAAGUUAAGCCCUCCAGCGCCGAUGGUACUGCAUAAGCGGGAGAGUAGGUCGCUGCCGGAA
273116,NR_075285,NCBI,5S,Thermoplasma volcanium GSS1 5S ribosomal RNA,GGCAACGGUCAUAGCAAUAGGGAAACACCAGAUCCCAUUCCGAACUCGACGGUUAAGCCUGUUGCGUAUUACGUUGUACUGUAUUCCGCGAGGGUACGGGAAGCGUAGUAUGCUGUUGCCAUU
419665,NR_075496,NCBI,5S,Methanococcus aeolicus Nankai-3 5S ribosomal RNA,UAACGGUCAUAGCGAAGGUGUUAUAUCCGAUCCCAUUCCGAUCUCGGAAAUCAAGCCCUUCAGCGAUUCCCUAAGUACUGCCAUUCGGUGGAAACAGGGAGACGCUGUUAGU
368407,NR_075455,NCBI,5S,Methanoculleus marisnigri JR1 5S ribosomal RNA,UAGCGGCCAUAGCAGAGGGGAAACACCUGGACCCAUUCCGAACCCAGCAGUUAAGCCCUCUCACGUGCCAUGUGGUACUGAGGUGCGCGAGCCCUCGGGAAGCACGGCUCGCUGCUAUUAC
64091,NR_075117,NCBI,5S,Halobacterium salinarum NRC-1 5S ribosomal RNA,UUAAGGCGGCCAUAGCGGUGGGGUUACUCCCGUACCCAUCCCGAACACGGAAGAUAAGCCCGCCUGCGUUCCGGUCAGUACUGGAGUGCGCGAGCCUCUGGGAAAUCCGGUUCGCCGCCUACU
203907,NR_075302,NCBI,5S,Candidatus Blochmannia floridanus 5S ribosomal RNA,AAACUUGGUGGCAUUAGCGCGAUAGUACCACCUGAUGACCAUUCCGAACUCAGAAGUGAAAUGUCGUGGUACCGAUGGUAGUGUGAGGAUUCCUCAUGUGAGAGUAGGGGGCUGCCAAGUUU
309800,NR_075733,NCBI,5S,Haloferax volcanii DS2 5S ribosomal RNA,UUAAGGCGGCCAGAGCGGUGAGGUUCCACCCGUACCCAUCCCGAACACGGAAGUUAAGCUCACCUGCGUUCUGGUCAGUACUGGAGUGAGCGAUCCUCUGGGAAAUCCAGUUCGCCGCCCCU
197221,NR_075298,NCBI,5S,Thermosynechococcus vestitus BP-1 5S ribosomal RNA,UGCCUAGUGCCUAUAGCGCGGCGGAACCACGCUGAUCCAUCCCGAACUCAGAGGUGAAACGUCGCAGCGGUGAAGAUAGUAGGAGGGUCGCCUCCUGCAAAAAUAGCUCGGUGCUAGGCAA
374847,NR_075555,NCBI,5S,Candidatus Korarchaeum cryptofilum OPF8 5S ribosomal RNA,AGCGGCCAUAGCGGCCAGGGACACACCCGGACCCAUUCCGAACCCGGAAGUUAAGCCUGGCCGCGUUCCGUGGAGUACUGAGCUCCCCAAGGGCUCGGGAAACACGGAAGCUGCU
190192,NR_075131,NCBI,5S,Methanopyrus kandleri AV19 5S ribosomal RNA,UGUGGCGGCGGCCACAGCGGCCGGGGCCACACCCGGGCCACAUCUCGAACCCGGAAGUUAAGCCCGGCCGCGUCCCGGGUGGUACUGCGCUCCGAGAGGGCGCGGGAAGCCCGGGAUGCCGCCGCCGUCCCCC
188937,NR_075135,NCBI,5S,Methanosarcina acetivorans C2A 5S ribosomal RNA,GAGUUUGGCGGCCAUAGCGGUAGGGCAACUCCUGUACCCAUCCCGAACACAGCAGAUAAGCCUGCCCGCGUUCCUUACUGUACUGAAGUGUGCGAGCCUUCGGGAACUCUGGAUCGCUGCCAAGCUCACCUUA
242619,NR_075146,NCBI,5S,Porphyromonas gingivalis W83 5S ribosomal RNA,UCAGGUGGUUAUAACGUUGGGGAUCCACCUCUUCCCAUUCCGAACAGAGAAGUUAAGCCCAACGGUGCCGAUGGUACUGCGUCACAGUGGGAGAGUAGGACGCCGCCG
224325,NR_075109,NCBI,5S,Archaeoglobus fulgidus DSM 4304 5S ribosomal RNA,AUGCCGACGGUCAUAGGACGGGGGAAACACCCGGACUCAUUCCGAACCCGGAAGUUAAGCCCCGUUCCGUCCCGCACAGUACUGUGUUCCGAGAGGGCACGGGAACUGCGGGAACCGUCGGCUU
203267,NR_075140,NCBI,5S,Tropheryma whipplei str. Twist 5S ribosomal RNA,GUCUCGGGGGCAAUGGCAAGAGGGAAACGCCUGGUUACAUUCCGAACCCAGAAGCUAAGCCUCUUAGCGCUGAUGGUACUGCAGGGGGGACCCUGUGGGAGAGUAAGACGCCCCCGGGCU
187420,NR_075108,NCBI,5S,Methanothermobacter thermautotrophicus str. Delta H 5S ribosomal RNA,GGUUUUGGCGGUCAUGGCGUGGGGGUUUAUACCUGAUCUCGUUUCGAUCUCAGUAGUUAAGUCCUGCUGCGUUGUGGGUGUGUACUGCGGUUUUUUGCUGUGGGAAGCCCACUUCACUGCCAGACCA
397948,NR_103395,NCBI,5S,Caldivirga maquilingensis IC-167 5S ribosomal RNA,CCCGGCCAUAGGUGGGGUGGACCCACCCAGACUCAUCAGAACCUGGAAGUGAAACACCCCACCGCGGUGCUGAGUACUGCGGUCCGCGAGGCCGUGGGAAAGGCCCGUGCUGGGGU
243164,NR_075318,NCBI,5S,Dehalococcoides mccartyi 195 5S ribosomal RNA,UCCCCCGGUGGUUAGAGCGGGGUGGUACCACCCGUUCCCGUCCCGAACACGGUCGUGAAACGCCCCAGCGCAGACGAUACUUAGGAGGCAACUCCUUGUGGAAAAUAUGCCACUGCCCGGGGA
399550,NR_075459,NCBI,5S,Staphylothermus marinus F1 5S ribosomal RNA,CCCGGCCAUAGUGGCCGGGCAACACCCGGUCUCAUAUCGAACCCGGAAGUUAAGCCGGCCACGUUGGGGUGGGCCGUGAGGUCCGAGAGGCCUCGCAGCCGCCCCAAGCUGGGAU
416348,NR_075620,NCBI,5S,Halorubrum lacusprofundi ATCC 49239 5S ribosomal RNA,AGGCGGCCAUAGCGGUGGAGAAACACCCGUACCCAUUCCGAACACGGAAGUUAAGCCCACCAGCGUACCGGGAAGUACUGGAGUGAGCGAUCCUCUGGGAACCGCGGUUCGCCGCCUA
171101,NR_075123,NCBI,5S,Streptococcus pneumoniae R6 5S ribosomal RNA,UAAGUGACGAUAGCCUAGGAGAUACACCUGUACCCAUGCCGAACACAGAAGUUAAGCCCUAGAACGCCGGAAGUAGUUGGGGGUUGCCCCCUGUGAGAUAGGGAAGUCGCUUAGC
453591,NR_075517,NCBI,5S,Ignicoccus hospitalis KIN4/I 5S ribosomal RNA,CCCGGCCCGGCCACAGCGACCGGGUAACACCCGGACCCAUUUCGAACCCGGAAGUUAAGCCGGUCGCGCGGGGUCCGGCAGUGGCGUCCGAGAGGCGCCGCAGCCGCCCCGUGCUGGGACCGGGC
292805,NR_075175,NCBI,5S,Wolbachia endosymbiont strain TRS of Brugia malayi 5S ribosomal RNA,UAGAGGUUUUUAUUAACUUGGUGGUUUUAGCAAAAAUGAAACACCCGAUCCCAUCUCGAAUUCGGAAGUGAAACUUUUUAGCGCUGAUGGUACUUGAAAAGGGAGAGUAGGUCGCUGCCAAGUUU
251221,NR_075301,NCBI,5S,Gloeobacter violaceus PCC 7421 5S ribosomal RNA,UCCUGGUGCUCAGGCGCAGUGGAACCACGCCGAUCCAUCCCGAACUCGGACGUUAAACGCUGCAGCAGCGAAGAUACUUGGAGGGCAGCUUCCUGGGAAAAUAGCCCGGUGCCAGGG
269797,NR_075338,NCBI,5S,Methanosarcina barkeri str. Fusaro 5S ribosomal RNA,AGAGUUUGGCGGCCAUAGCGGCAGUGUAACUCCUGUACCCAUCCCGAACACAGUAGAUAAGCCUGCCCGCGUUCCUUACUGUACUGAAGUGUGCGAGCCUUCGGGAACUCUGGAUCGCUGCCAUACUCACC
243274,NR_103224,NCBI,5S,Thermotoga maritima MSB8 5S ribosomal RNA,AUCCCCGGGUGCCGAUACUGGGGCGGGAAACACCCGGUUCCAUUCCGAACCCGGCCGUUAAGCCGCCCUGGGCCGAUGGUAGUAUGGGGGCAGCCCCAUGCGAGAGUAGGUAGCGCCCGGGGAUUUGU
290633,NR_075312,NCBI,5S,Gluconobacter oxydans 621H 5S ribosomal RNA,CUGGUGGCCAUUGCGAGGGCCCUACACCCGAUCCCAUCCCGAACUCGGCCGUGAAAUCCCUCAGCGCCUAUGAUACUGCACCUUAAGGUGCGGAAAAGUCGGUCGCCGCCAGGUCCC
235279,NR_103440,NCBI,5S,Helicobacter hepaticus ATCC 51449 5S ribosomal RNA,UCCCUUUUUCUUGUGUUUAUAGAGAGAAGGCAACACCCAGCUCCAUUCCGAACCUGGCAGUUAAGCUUCUCUUCGCCGAUGAUACUGCAUCUUUCAGGUGUGGGAAUGUAGGUCGAUGCAGGGAUAGGGAAA
267747,NR_075172,NCBI,5S,Cutibacterium acnes KPA171202 5S ribosomal RNA,UUUCCGGUGGCCAUAGUGGAAGGGAAACACCCGGUCCCAUUCCGAACCCGGUCGUUAAGCCUUCCAACGCUGAUGGUACUGCACGAGGGAUCGUGUGGGAGAGUAAGACGCUGCCGGAAUAC
198094,NR_075159,NCBI,5S,Bacillus anthracis str. Ames 5S ribosomal RNA,UUUGGUGAUGAUGGCAGAGAGGUCACACCCGUUCCCAUACCGAACACGGAAGUUAAGCUCUCUAGCGCCGAUGGUAGUUGGGACCUUGUCCCUGUGAGAGUAGGACGUCGCCAAGC
273063,NR_075292,NCBI,5S,Sulfurisphaera tokodaii str. 7 5S ribosomal RNA,GCCCACUCGGCCAUAGUGGGCGGGUAACACCCGGACUCGUCUCGAACCCGGAAGUUAAGCCGCCCACGUUAGAAGGGCCGUGGGAUCCGCGAGGACCCGCAGCCCUUCUAAGCCGAGAUGGG
227377,NR_075155,NCBI,5S,Coxiella burnetii RSA 493 5S ribosomal RNA,UUCCUGGCGGCCAUAGCGAGCGGGCCCCACCUGAUUCCAUUCCGAACUCAGAAGUGAAAACGCUUAGCGCCGAUGAUAGUGUGGGUCUCCCAUGCGAAAGUAGGUCACCGCCAGGUU
272557,NR_103423,NCBI,5S,Aeropyrum pernix K1 5S ribosomal RNA,UAGUGGCCCGGCCCGGCCAUAGCGGCCGGGUAACACCCGGACUCAUUUCGAACCCGGAAGUUAAGCCGGCCGCGUUGGAGGCUCCAGUGGGGUCCGAGAGGCCCUGCAGGGGCCUCCAA
211586,NR_075142,NCBI,5S,Shewanella oneidensis MR-1 5S ribosomal RNA,UGCUUGGUGACAAUAGCAUUGUGGUCCCACCUGAUCCCAUCCCGAACUCAGAAGUGAAACGCAAUCGCGCCGAUGGUAGUGUGGGGUCUCCCCAUGUGAGAGUAGGUCAUCGCCAAGCGC
263820,NR_075170,NCBI,5S,Picrophilus torridus DSM 9790 5S ribosomal RNA,AUUUAGUUUAGACGACGACCAUAACAUCGGGGAAAUACCAGGUCCCAUUCCGAACCCGACGGUGAAGCCCGAUGUGUUUCAUGUGGUACUGUCUUCCGCGAGGGGAUGGGAAGCAUGAUUC
415426,NR_103438,NCBI,5S,Hyperthermus butylicus DSM 5456 5S ribosomal RNA,ACGGCCCGACCCGGCCAUAGCGGCCGGGCAACACCCGGACCCACUUCGAACCCGGAAGUUAAGCCGGCCGCGUUGGGGGUAGCUGUGGGGUCCGCGAGGCCCCGCAGCUCCCCCAAGCCGGGAUCGGGCC
71421,NR_076074,NCBI,5S,Haemophilus influenzae Rd KW20 5S ribosomal RNA,CCUGGCGGCGAUAGUGCGGUGGACCCACCUGAGACCAUACCGAACUCAGAAGUGAAACGCUGUAAUGCCGAUGGUAGUGUGGGGUUUCCCCAUGUGAGAGUAGGGCACCGCCAGG
190486,NR_075130,NCBI,5S,Xanthomonas citri pv. citri str. 306 5S ribosomal RNA,UCCCUGGUGAAAUUAGCGCUGUGGAACCACCCGAUCCCAUCCCGAACUCGGAAGUGAAACGCAGCUGCGCCGAUGGUAGUGUGGCUCAAGCCAUGCGAGAGUAGGUCAUCGCCAGGGGC
266834,NR_075184,NCBI,5S,Sinorhizobium meliloti 1021 5S ribosomal RNA,CGACCUGGUGGUUCUGGCGGGGUGGCUGCACCCGUUCCCAUUCCGAACACGGCCGUGAAACGCCCCAGCGCCGAUGGUACUUCGUCUUAAGACGCGGGAGAGUAGGUCGCUGCCAGGUCU
410358,NR_075452,NCBI,5S,Methanocorpusculum labreanum Z 5S ribosomal RNA,UCAUGCGGCCAUAGCAGAGAGGUUCCACCCGGACCCAUUCCGAACCCGGCAGUUAAGCUCUCUUACGUCGGCUAUUGUACUGAGAUAUGCGAAUUCUCGGGAAGUUGUCAACGCUGCACCCC
456442,NR_075507,NCBI,5S,Methanoregula boonei 6A8 5S ribosomal RNA,GAUAGCGGCCAUAGCUGUCGGGAAACACCUGGUCUCAUUCCGAACCCAGCAGUUAAGCUGACACACGUAGUAUGCUGUACUUGGGUACGCGAGUCCCUGGGAACCAUACCAAGCUGCUAUCA
243232,NR_076076,NCBI,5S,Methanocaldococcus jannaschii DSM 2661 5S ribosomal RNA,UGGUACGGCGGUCAUAGCGGGGGGGCCACACCCGAACCCAUCCCGAACUCGGAAGUUAAGCCCCCCAGCGAUGCCCCGAGUACUGCCAUCUGGCGGGAAAGGGGCGACACCGCCGGCCAC
228410,NR_075187,NCBI,5S,Nitrosomonas europaea ATCC 19718 5S ribosomal RNA,UUGCUUGGCGGCCAUAGCGCUUUGGACCCACCUUUUCCCAUCCCGAACAGAGAAGUGAAACGAAGCAGCGCCGAUGAUAGUGUGUUUCCACAUGUGAAAGUAGGUCACCGCCAGGCUU
410359,NR_075454,NCBI,5S,Pyrobaculum calidifontis JCM 11548 5S ribosomal RNA,CCCGGCCAUAGGCGCCGGUGCUACACCCGGUCUCAUCAGAACCCGGAAGUUAAGGCCGGCGCCGCGCUCGGGAGUACUGGGCUCCGCGAGGGCCCGGGAAACCGGCGUGCUGGGAG
176299,NR_075124,NCBI,5S,Agrobacterium fabrum str. C58 5S ribosomal RNA,GACCUGGUGGUUAUCGCGGGGCGGCUGCACCCGUUCCCAUUCCGAACACGGCCGUGAAACGCCCCAGCGCCAAUGGUACUCCGUCUCAAGACGCGGGAGAGUAGGUCGCUGCCAGGUCU
224911,NR_075299,NCBI,5S,Bradyrhizobium diazoefficiens USDA 110 5S ribosomal RNA,GGCCUGGUGGUUUUAGCGAAGAGCCUCAACCCGAUCCCAUCCCGAACUCGGCCGUUAAACUCUUCAGCGCCAAUGGUACUAUGGCUUAAGCCCUGGGAGAGUAGGUCGCUGCCAGGCCU
9606,NR_023371,NCBI,5S,"Homo sapiens RNA, 5S ribosomal 9 (RNA5S9)",GUCUACGGCCAUACCACCCUGAACGCGCCCGAUCUCGUCUGAUCUCGGAAGCUAAGCAGGGUCGGGCCUGGUUAGUACUUGGACGGGAGACCGCCUGGGAAUACCGGGUGCUGUAGGCUUU
323259,NR_075372,NCBI,5S,Methanospirillum hungatei JF-1 5S ribosomal RNA,AAUAGCGGCCACAGCAGGUGUGUCACACCCGUUCCCAUUCCGAACACGGAAGUUAAGACACCUCACGUGGAUGACGGUACUGAGGUACGCGAGUCCUCGGGAAAUCAUCCUCGCUGCUAUUG
235909,NR_075300,NCBI,5S,Geobacillus kaustophilus HTA426 5S ribosomal RNA,GCGGAGGGGAAACACCCGUUCCCAUCCCGAACACGGAAGUUAAGCCCUCCAGCGCCGAUGGUAGUUGGGGCCAGCGCCCCUGCAAGAGUAGGUCGUCGCUAGGC
190304,NR_075133,NCBI,5S,Fusobacterium nucleatum subsp. nucleatum ATCC 25586 5S ribosomal RNA,CUUGGUGAGUAUAGCUAUGGGGGUACACCUAGUUACAUUCCGAACCUAGAAGUUAAGCCCAUAUACGCUGAUGGUACUUGGCUGGAAGUGGCCUGGGAGAGUAUGGAUUUGCCAAG
156889,NR_075421,NCBI,5S,Magnetococcus marinus MC-1 5S ribosomal RNA,UCCGGUAGAGAUAGCGAGGGAGUCACACCCGAUCCCAUCCCGAACUCGGAAGUUAAGCCCCUUAGCGCCGAUGAUACUGCGUCUUAAGACGUGGGAAAGUAGGACACCGCCGGAA
559292,NR_132215,NCBI,5S,Saccharomyces cerevisiae S288C 5S ribosomal RNA (RDN5-1),GGUUGCGGCCAUAUCUACCAGAAAGCACCGUUUCCCGUCCGAUCAACUGUAGUUAAGCUGGUAAGAGCCUGACCGAGUAGUGUAGUGGGUGACCAUACGCGAAACUCAGGUGCUGCAAUCU
259564,NR_075381,NCBI,5S,Methanococcoides burtonii DSM 6242 5S ribosomal RNA,UAUGGCGGCCAUAGUGGUAGGGCAACUCCUGUUCCCAUCCGAACACAGAAGAUAAGUCUACCUACGUUGUUUACUGUACUGAAGUACGAGAGUCUUCGGGAAAUCUGCAUCGCUGCUAUGC
159087,NR_075335,NCBI,5S,Dechloromonas aromatica RCB 5S ribosomal RNA,UCUGGCGUCAAUAGCCUGCUGGUACCACCCCUUCCCUUCCCGAACAGGACCGUGAAACAGCAUCGCGCCAAUGAUAGUGAGCUUACCGCUCGCGAAAGUAGGUCAACGCCAGAC
186497,NR_075132,NCBI,5S,Pyrococcus furiosus DSM 3638 5S ribosomal RNA,CGGCGGCCAUAGCGGGGGGCCACACCCGGUCUCAUUUCGAACCCGGAAGUUAAGCCCCCCAGCGAUCCCGGUUGUACUGCCCUCCGAGAGGGGGCGGGAAGCCGGGGACGCCGCCGGCCACU
221109,NR_075294,NCBI,5S,Oceanobacillus iheyensis HTE831 5S ribosomal RNA,UCUGGUAGCGAUAGCGAAGAGGCCACACCUGUUCCCAUGCCGAACACAGAAGUUAAGCUCUUCAGCGCCGAUGGUAGUUGGGGCUUUGCCCCUGCAAGAGUAGGACGCCGCCAGGC
264198,NR_075336,NCBI,5S,Cupriavidus pinatubonensis JMP134 5S ribosomal RNA,CCUGGUGACCAUAGCGAGCUGGAACCACCCCUUCCCAUCCCGAACAGGUCCGUGAAACAGCUCCGCGCCGAUGAUAGUGCGGAUACCCGUGUGAAAGUAGGUCAUCGCCAGGC
292459,NR_075219,NCBI,5S,Symbiobacterium thermophilum IAM 14863 5S ribosomal RNA,UUUGGGUGGCGAUGCCGGAGGGGAUCACCCGUUCCCAUUCCGAACACGGAAGUUAAGCCCUCCAGGGCCGAAGGUACUCCGCAAGGGGGAGAAUAGGUCGCUGCCCAAACUUCU
279238,NR_075369,NCBI,5S,Novosphingobium aromaticivorans DSM 12444 5S ribosomal RNA,CCUGGUGGCCAUAGCGUCCGUGCCCCACCCGAUCCCAUCUCGAACUCGGCCGUGAAACCGGACAGCGCCAAUGGUACUAACGCUCAAGCGUUGGAAGAGUAGGUCGUCGCCAGGC
296591,NR_075383,NCBI,5S,Polaromonas sp. JS666 5S ribosomal RNA,CCUGAUGACCAUAGCAAGUUGGUACCACUCCUUCCCAUCCCGAACAGGACAGUGAAACGACUUAGCGCCGAUGAUAGUGCGGAUUCCCGUGUGAAAGUAGGACAUCGUCAGGC
243230,NR_075105,NCBI,5S,Deinococcus radiodurans R1 5S ribosomal RNA,ACACCCCCGUGCCCAUAGCACUGUGGAACCACCCCACCCCAUGCCGAACUGGGUCGUGAAACACAGCAGCGCCAAUGAUACUCGGACCGCAGGGUCCCGGAAAAGUCGGUCAGCGCGGGGGUUU
69014,NR_075222,NCBI,5S,Thermococcus kodakarensis KOD1 5S ribosomal RNA,GGUACGGCGGCCAUAGCGGCGGGGCCACACCCGGUCUCGUUUCGACCCCGGAAGUUAAGCCCGCCAGCGUUCCCGGGUGUACUGCCCUCCGAGAGGGGGCGGGAAACCGGGAACGCCGCCGGCCAC
243277,NR_075115,NCBI,5S,Vibrio cholerae O1 biovar El Tor str. N16961 5S ribosomal RNA,UGCUUGGCGACCAUAGCGUUUUGGACCCACCUGAUUCCAUCCCGAACUCAGAAGUGAAACGAAACAGCGUCGAUGGUAGUGUGGGGUCUCCCCAUGUGAGAGUAGAACAUCGCCAGGC
9031,NR_046276,NCBI,5S,Gallus gallus 5S ribosomal RNA (RN5S),AAGCCUACAGCACCCGGUAUUCCCAGGAGGUCUCCCAUCCAAGUACUAACCAGGCCCGACCCUGCUUAGCUUCCGAGAUCAGACGAGAUCGGGCGUUACCAGGGUGGGAUGGCCGUAGGC
10116,NR_033176,NCBI,5S,Rattus norvegicus 5S RNA (Rn5s),GCCUACAGCCAUACCACCCGGAACGCGCCCGAUCUCGUCUGAUCUCGGAAGCUAAGCAGGGUCGGGCAUGCUUAGUACGUGGAUGGGAGACCACCUGGGAUACCGGGUGCUGUAGGCUUU
339860,NR_075339,NCBI,5S,Methanosphaera stadtmanae DSM 3091 5S ribosomal RNA,UGGUACGGCGACCAUAGCGAUAGGGUCACAUCUGAACUCGUCUCGAUCUCAGUAAUAAAGUCUAUCCACGUUUUGUUUGGUACUAUAGAUGGUAAGUCUAUGGGAAUUUCAGAAAG
349307,URS000071C893,RNAcentral,5S,Methanosaeta thermophila PT 5S ribosomal RNA,AGCGGCGGCCAUAGCGGCGGGGAAACUCCUGAACCCUUCCCGAACUCAGAAGAUAAGCCCGCCCACGUCCUGCACUGUACUGAGGUGCGCGAGCCCUCGGGAAAUGCAGGUCGCUGCCAACU
563178,URS000027867E,RNAcentral,5S,Buchnera aphidicola str. 5A (Acyrthosiphon pisum) 5S ribosomal RNA,UGGUAAAAAUAGUGUAGUGGUACCACCUGAAUCCAUUCCGAACUCAGAAGUGAAACGCUAUAACGCCGAUGGUAGUACGGGGCCUCCCCGUGUGAGAGUAGGUCAAAUCCAGGAA
226186,URS00006C40EC,RNAcentral,5S,Bacteroides thetaiotaomicron VPI-5482 5S ribosomal RNA,UCAGGUGGUUAUAGCACGAGGGUUCCACCUCUUCCCAUUCCGAACAGAGAAGUUAAGCCUCGUCACGCCGAUGGUACUGCGUAACAGUGGGAGAGUAGGUAGCCGCCAUUU
205913,URS00002D14A5,RNAcentral,5S,Bifidobacterium longum DJO10A 5S ribosomal RNA,ACGCCCGGUCCCAUUCCGAACCCGGAAGCUAAGGCCUGGCACGGCGAUGGUACUGCACCCGACAGGGUGUGGGAGAGUAG
565050,URS00000BE44E,RNAcentral,5S,Caulobacter vibrioides NA1000 5S ribosomal RNA,GACCUGGUGGCUAUGCCGGGGGUUCCCCACCCGAUCCCAUUCCGAACUCGGUCGUUAAGUCCCCCUGGGCCAAUGGUACUUCGUCUCAAGGCGCGGGAGAGUAGGUCGCCGCCAGGUC
62928,URS00007221F3,RNAcentral,5S,Azoarcus sp. BH72 5S rRNA,UCUGACGACCAUAGCGUCUUGGUACCACCCCUUCCCAUCCCGAACAGGACCGUGAAACAAGACCGCGCCGAUGAUAGUGAGCCCGCGCUCGUGAAAGUAGGUCAUCGUCAGAC
192952,URS0000460BE4,RNAcentral,5S,Methanosarcina mazei Go1 5S Ribosomal RNA,UGAGUUUGGCGGCCAUAGCGGCAGGGCAACUCCUGUACCCAUCCCGAACACAGAAGAUAAGCCUGCCCGCGUUCCUUACUGUACUGAAGUGUGCGAGCCUUCGGGAACUCUGGAUCGCUGCCAAGCUCAC
399549,URS000064138C,RNAcentral,5S,Metallosphaera sedula DSM 5348 5S ribosomal RNA,CCACCCGGCCAUAGCGGGGGAGCAACACCCGGACUCAUCUCGAACCCGGAAGUAAAGUCCCCUGCGUUGGGGAUGCGGUGGGAUCCGAAAGGGCCCGCAGCUACCCCAAGCUGGGAUGG
330779,URS000056704D,RNAcentral,5S,Sulfolobus acidocaldarius DSM 639 5S ribosomal RNA,UGCCCACCCGGUCAUAGUGAGCGGGUAACACCCGGACUCGUUUCGAACCCGGAAGUUAAGCCGCUCACGUCAGAGGGGCCGUGGGAUCCGAGAGGGCCCGCAGCCUCUCUGAGCUGGGAUGG
663917,URS00000CE60B,RNAcentral,5S,Geobacter sulfurreducens KN400 5S ribosomal RNA,GGUGGCUAUGCCGAGGGGGUCACACCCGUUCCCAUCUCGAACACGGAAGUUAAGCCCCUCUGGGCCGAUGAUACUGCACGGGCAGCUGUGUGGGAAAGUAGGUCGCCGCCGG
194439,URS0000714905,RNAcentral,5S,Chlorobium tepidum TLS 5S ribosomal RNA,UACGGCGACUAUAUCCCUGGUGUUCACCUCUUCCCAUUCCGAACAGAGUCGUUAAGCCCAGGAGAGCCGAUGGUACUGCUUUAUUGCGGGAGAGUAGGUCGUCGCCGAGU
169963,URS00000EF410,RNAcentral,5S,Listeria monocytogenes EGD-e 5S ribosomal RNA,UCUGGUAGUUAUGGCGAGAAGGUCACACCCGUUCCCAUCCCGAACACGGUAGUUAAGCUUCUCUGCGCCAAUGGUAGUUGGGGGCUUCCCCCUGCGAGAGUAGGUCGCUGCCGGGC
368408,URS00000407C7,RNAcentral,5S,Thermofilum pendens Hrk 5 5S ribosomal RNA,CGCCCCGCCCAUAGUCGGUGGGCAACGCCCGGUCUCGUCAGAUCCCGGAAGCUAAGCCACCGACGCGGUCGCGAGUACUGGGGUCUGCGGCCCCGGGAAAGCGCCGUGGUGGGGCAU
482957,NR_103335,NCBI,5S,Burkholderia lata 5S ribosomal RNA,CCUGAUGACCAUAGCGAGUCGGUCCCACCCCUUCCCAUCCCGAACAGGACCGUGAAACGACUCUACGCCGAUGAUAGUGCGGAUUCCCGUGUGAAAGUAGGUAAUCGUCAGGC
1706444,URS0000A0CC08,RNAcentral,5S,Candidatus Thorarchaeota archaeon SMTZ1-45 5S ribosomal RNA,GAUGGCGGCCAUAGUUCUGAGGGUACACCUGAACUCGGCCGAACUCAGAAGUUAAGCCUCAGGACGUUCAGGGAGAUGUGCGCUGCGCGAGCGCGUGACAGGCCCUGAAGCUGCCACAU
1700835,URS0000C31412,RNAcentral,5S,Candidatus Bathyarchaeota archaeon BA1 5S ribosomal RNA,GUUGCCGGCCAUAGGGCGCGGGACCCACCCGAUCCCGUUCCGAAAAUGAGGGCGCAUGAAAGUGACGCCUCUUAUCGGUAGCUCGGAAGUUAAACCGCGCUCCGUUCCCGGUGUUAGUGUGGUCCUCGGCCACGCGAAGCCGGGAAAGCUGGCAGCC
1776334,URS00009C8621,RNAcentral,5S,Hadesarchaea archaeon YNP_45 5S ribosomal RNA,GUUGGCGGCCACAGCGGCGAGGAAAUACCCGGUCUCGUCAGAUCCCGGAAGUCAAGCUCGCCUGCGUGUCGGGCGGUACUUUUGUGCGCAAGCCAAAGGGAAACCCGAUUCGCUGCCAACC
297245,URS00002FF835,RNAcentral,5S,Legionella pneumophila str. Lens 5S ribosomal RNA,UCCUGGCGACUAUAGCGAUUUGGAACCACCUGAUACCAUCUCGAACUCAGAAGUGAAACAUUUCCGCGCCAAUGAUAGUGUGAGGCUUCCUCAUGCGAAAGUAGGUCAUCGCCAGGGUUUUAUUCC
165597,URS00006D4CCF,RNAcentral,5S,Crocosphaera watsonii WH 8501 5S ribosomal RNA,UCUGGUGUCUCUAGCGUGGUGGUCCCACUCCGACCCCAUCCCGAACUCGGUAGUGAAACACCUCAGCGGCAACGAUACUUGUGGGGUAGCCCACUGGAACAAUAGCUCGAUGCCAGAC
265311,URS000018441C,RNAcentral,5S,Mesoplasma florum L1 5S ribosomal RNA,UCUGGUGGUCAUAGCGUAGAGGUCACACCUGUUCCCAUACCGAACACAGAAGUUAAGCUCUACAGCGUCGACGAUAUUGCAUUGUGAGAAAAUAGAACGCUGCCAGUU
272627,URS00007F9CC8,RNAcentral,5S,Magnetospirillum magnetotacticum MS-1 5S ribosomal RNA,AGGUGGUCAUAGCGAGGGCCCUCCACCCGAUCCCAUCCCGAACUCGGACGUGAAACCCCUCUGCGCCGAUGGUACUGUGUCUUAAGGCACGGGAGAGUAGGACGCUGCCUGGUC
243265,URS00003C4AAE,RNAcentral,5S,Photorhabdus laumondii subsp. laumondii TTO1 5s ribosomal RNA,UAAAGAAUUUGUCUGGCGGCGAUAGCGCGGUGGUCCCACCUGACCCCAUGCCGAACUCAGCAGUGAAACGCCGUAGCGCCGAUGGUAGUGUGGGGUCUCCCCAUGUGAGAGUAGGGAACUGCCAGAC
208963,URS00004A9499,RNAcentral,5S,Pseudomonas aeruginosa UCBPP-PA14 5S ribosomal RNA,CCGAAUUGCUUGACGAUCAUAGAGCGUUGGAACCACCUGAUCCCUUCCCGAACUCAGAAGUGAAACGACGCAUCGCCGAUGGUAGUGUGGGGUCUCCCCAUGUGAGAGUAGGUCAUCGUCAAGCUCCUAUCC
272631,URS00006D1E58,RNAcentral,5S,Mycobacterium leprae TN 5S ribosomal RNA,UACGGUGGCCACAGCGAUAGGGAAACGCCCGGUCCCAUACCGAACCCGGAAGCUAAGCCUGUCAGCGCCGAUGAUACUGCCCAUUCGGGUGGAAAAGUAGGACACUGCCGAAC
349102,URS00002D1007,RNAcentral,5S,Rhodobacter sphaeroides ATCC 17025 5S ribosomal RNA,UGGUGGCCAUAGCACGAGCAAAACACCCGAUCCCAUCCCGAACUCGGCCGUUAAGUGCCGUCGCGCCAAUGGUACUGCGUCUCAAGACGUGGGAGAGUAGGUCGCCGCCAGACC
243090,URS00000F2364,RNAcentral,5S,Rhodopirellula baltica SH 1 5S rRNA,UUCCGGCGAUCAUAUCUUAAAGGUUAUACCUGUUCCCAUUCCGAACACAGCAGUCAAGCUUUAAGAGCCGAUGAUAGUGCCCACCAGCGUGAAAGUAGGUCUUGCCGGAU
91464,URS000071D225,RNAcentral,5S,Synechococcus sp. PCC 7335 5S rRNA,CCUGGUGUCUAUGGCGCAGUGGACCCACUUCGACUCCAUCCCGAACUCGAUUGUGAAACACUGCAGCGGCGAAGAUAGUUAGGGCGUAGGCCCUUGUUAAAAUAGCUCGAUGCCAGGU
555217,URS00003617FE,RNAcentral,5S,Zymomonas mobilis subsp. mobilis ATCC 10988 5S ribosomal RNA,UGGUGGCUAUAGCGUCAGUGACCCACCCGAUCCCAUUUCGAACUCGGACGUGAAACCUGUCCUGCGCCGAUGGUACUGUUGCUUAAGCAACGGAAGAGUAGGUCGUCGCCAGGCU
6238,URS0000EFFAEC,RNAcentral,5S,Caenorhabditis briggsae 5S rRNA,GCUUACGACCAUAUCACGUUGAAUGCACGCCAUCCCGUCCGAUCUGGCAAGUUAAGCAACGUUGAGUCCAGUUAGUACUUGGAUCGGAGACGGCCUGGGAAUCCUGGAUGUUGUAAGCUUUU
280699,URS000035494A,RNAcentral,5S,Cyanidioschyzon merolae strain 10D 5S ribosomal RNA,AAUCAUCACUUGCGUUCAAACCAUAGCUGGAAACACCGCGUCCCAUCUCGAAUCGCGAAGUUAAGCAGCAUUGGGCUCUCUGAGUACUGUGAUGAGGGAUCGCACGGGAAACGGGAGUGACGCAAGUUCG
7160,URS0000D97F58,RNAcentral,5S,Aedes albopictus (Asian tiger mosquito) 5S ribosomal RNA,GUCAACGAUCAUACCAUGUUGAAAACACCAGUUCUCGUCCGAUCACUGAAGAAGUUAAGCAACAUCGGGCGCGAUUAGUACUUAGAUGGGUGACCGCUUGGGAACGUCGCGUGUCGUUGGCC
1080228,URS00000EA52B,RNAcentral,5S,Synechocystis sp. PCC 6803 substr. GT-I 5S ribosomal RNA,UCUUGGUGUCUUUAGCGUCAUGGAACCACUCCGAUCCCAUCCCGCACUCGGUUGUGAAAUGUGACAGCGGCGACGAUACUCUGGGGGUUGCCCCACGGCACAAUAGUCCGAUGCCAAGU
7955,URS000072C0A3,RNAcentral,5S,Danio rerio (zebrafish) 5S ribosomal RNA,UGCCACAGCCAUAUCACCCUGCAGCCCAAGACCAGUUACUCACUGAAGCUAAGCAGGGCUGAGCCUGGUCAGUACCUGGAUGGGAGACCACUAGGGAACACUAGGUUGCUGUUGGAA
104782,URS0000EF9161,RNAcentral,5S,Adineta vaga 5S ribosomal RNA,CUUUACGGCCAUACCACCGUUGAAUACACCUAGUUCUCGUCCGAUCACUGAAGUUAAGCAACGUCGGGCUCGGUUAGUACUUGGAUGGGUGACCGCCUGGGAAUACCGAGUGUCGUAAGCU
55529,URS000055BFD2,RNAcentral,5S,Guillardia theta 5S ribosomal RNA,GUAUACGGUCAUACCCGUGGCACACGCAGGCGAACCCAUCUCGAAUUCGCAACUUAAGCGCACGUGGGCUUGGUCAGUACUGGGGUGAGGGAUCACCCGGGAACCCCAAGUGCCGUAUGCCUCUAGCUAU
8355,URS00002EADE0,RNAcentral,5S,Xenopus laevis 5S rRNA,GCCUACGGCCACACCACCCUGAAAGUGCCCGAUCUCGUCUGAUCUCGGAAGCCAAGCAGGGUCGGGCCUGGUUAGUACUUGGAUGGGAGACCGCCUGGGAAUACCAGGUGUCGUAGGCUUU
9598,URS000067DD74,RNAcentral,5S,Pan troglodytes (chimpanzee) 5S ribosomal RNA,GUCUUUGGACAUACCACCCUGAAUGCACCCGAUCUCAUCUGAUCUUGGAAGUGAAAUGGAGUCAGGCCUGGUUAGUCUUUGGAUGGGGGAAGUCUAGACACACCACUGAGA
185431,URS000020E902,RNAcentral,5S,Trypanosoma brucei TREU927 5S ribosomal RNA,GGGUACGACCAUACUUGGCCGAAUGCACCAUAUCCCGUCCGAUUUGUGAAGUUAAGCGGCCACAGGCCUCGUUAGUACGGCGAUCAGUGAUGGCGCUGGAACCCGGGGUGUUGUACUCU
3702,URS0000F00671,RNAcentral,5S,Arabidopsis thaliana 5S rRNA,GGAUGCGAUCAUACCAGCACUAAUGCACCGGAUCCCAUCAGAACUCCGCAGUUAAACGUGCUUGGGCGAGAGUAGUACUAGGAUGGGUGACCUCCCGGGAAGUCCUCGUGUUGCAUCCCUCU
100226,URS000068B4B6,RNAcentral,5S,Streptomyces coelicolor A3(2) 5S ribosomal RNA,UUCGGUGGUCAUAGCGUAGGGGAAACGCCCGGUUACAUUUCGAACCCGGAAGCUAAGCCUUACAGCGCCGAUGGUACUGCAGGGGGGACCCUGUGGGAGAGUAGGACGCCGCCGAAC
7897,URS000071F494,RNAcentral,5S,Latimeria chalumnae (coelacanth) 5S ribosomal RNA,AUAGGACCCCUCGCCACCCUGGGUCUGCCUGAUCCCAGUUGAUCUCACAAGCCAAGCAGGGUUGGGCCUGGUCAGUACUUGAAUGGGGGACUGCCGAGGAAUACCAGGUGGGUCUGGUU
7227,URS0000EFFE83,RNAcentral,5S,Drosophila melanogaster 5S rRNA,GCCAACGACCAUACCACGCUGAAUACAUCGGUUCUCGUCCGAUCACCGAAAUUAAGCAGCGUCGGGCGCGGUUAGUACUUAGAUGGGGGACCGCUUGGGAACACCGCGUGUUGUUGGCCUCG
36329,URS00005E8BDE,RNAcentral,5S,Plasmodium falciparum 3D7 5S ribosomal RNA,UGACUCGUUCAUACUACAGUGGCCACACCAGAUCCCAUCAGAACUCUGAAGUUAAGCACUGUAAGGCUUGGCUAGUACUGAGGUGGGAGACCGCUCGGGAACACCAGGUGAUGAGUCAU
39947,URS00006603F5,RNAcentral,5S,Oryza sativa Japonica Group 5S ribosomal RNA,UCUGGUGUCCUAGGCGUAGAGGAACCACACCAAUCCAUCCCGAAUUUGGUGGUUAAACUCUACUGCGGUGACGAUACUGUAGGGGAGGUCCUGCGGCAAAGUAGCUCGAUUCCAGAA
5911,URS0000F00CC7,RNAcentral,5S,Tetrahymena thermophila 5S rRNA,GYURUCGGCCAUACUAAGGUGAAAACACCGGAUCCCAUUCGAACUCCGAAGUUAAGCGCCUUAAGGCUGGGUUAGUACUAAGGUGGGGGACCGCUUGGGAAGUCCCAGUGUCGAYARCCU
1803500,URS0000B12550,RNAcentral,5S,Candidatus Aenigmarchaeota archaeon CG1_02_38_14 5S ribosomal RNA,GUUGGCGACCAAAACGGAAAGGAAACACUCGUUCCCAUCCGAACACGAAAGUUAAGCUUUCCAGUGAUAUGGACUGUACUGCCUUUUGGCGGGAAACCCAGGAAGUUGCCAACU
284591,URS0000660714,RNAcentral,5S,Yarrowia lipolytica CLIB122 5S ribosomal RNA,GGUUGCGGCCAUAUCCUGGUGAAAAUACGGCUUCCCGUCCGAUCAGCCAUAGUCAAGCACCAGAGAGCCUAGUUAGUAUUGUAGUGGGAGACCAUACGAGAAUCCUGGGUGCUGCAAUCC
420245,URS00002C2B37,RNAcentral,5S,Leishmania braziliensis MHOM/BR/75/M2904 5S(MS) ribosomal RNA,CGAGUACGACCAUACUUGAGUGAAAACACCAUAUCCCGUCCGAUUUGUGAAGUUAAGCACUCACAGGCUCAGUUAGUACUGAGGUCAGUGAUGACUCGGGAACCCUGAGUGCCGUACUCC
1805424,URS0000AFD7B0,RNAcentral,5S,Candidatus Woesearchaeota archaeon CG1_02_57_44 5S ribosomal RNA,GUGAACGGCCAUAGCGGCCUGGUCCUACCCGAUCCCAUUUCGAACUCGGAAGUCAAGCAGGCCAACGUUUUGCACUGUACUGCGUUUUACGCGGGAACCGCAGAAAGCUGUUCACA
436308,URS00002AA254,RNAcentral,5S,Nitrosopumilus maritimus SCM1 5S ribosomal RNA,CAAGCCGGCCAUAGCGUUAGGGUGCGACCCAAUCCCUUUCCGAACUUGGAAGUCAAACCUGACGUCGCUGUUGUGCUACUAAGAUGCGAGAGCCCUUGGGAAGCAACAGUGCUGGCAUUU
1801881,URS0000B0DACA,RNAcentral,5S,Candidatus Pacearchaeota archaeon RBG_13_36_9 5S ribosomal RNA,GAAGACAGCCAUAAUAGUCCGGAAACACUCGAUCCCAUCUCGAACUCGAAAGUUAAGCAGACUAUGUUCGUGGAAUACUCUCUCAAGGGGAAACCAUGAAGCUGUCCUCG
1577684,URS0000A211A5,RNAcentral,5S,Candidatus Nanopusillus acidilobi 5S ribosomal RNA,UAGGGCGGCCAAAGUGGCCGGGAAACACCCGUACCCAUUUCGAACACGGAAGUUAAGCCGGCCCACGUCCGUGUGAGUACUGGCGGUAGCUGGGAAAGCACGGAAGCCGCCCGAC
1803814,URS00009F8878,RNAcentral,5S,Theionarchaea archaeon DG-70-1 5S ribosomal RNA,UACGGCGGUCACAGCGGAAGGGUCAUACCCGUUCUCAUUCCGAACACGGAAGUUAAGCCUUCCAGCGAUUCGGGUUGUACUGCCAUAGGUGGGAACCCCGGGACGCUGCCGGCC
414004,URS0000611864,RNAcentral,5S,Cenarchaeum symbiosum A 5S ribosomal RNA,AUGAUGUGCCAGACGCGUGCCUCUCCGGCCCUGCCGGGCAACCUUAAUAGAUAAGCGAGCGCCCGCCCUGAUCAAGCCGGCCAUAGCGUCAGGGUGCGACCCAAUCCCAUUCCGAACUUGGAAGUCAAACCUGAUGUCGCUGUUGUGUUACUAAGAUGCGAGAGCUCUUGGGAAGCAACAGUGCUGGCAUCAUC
13616,URS00006DDBA9,RNAcentral,5S,Monodelphis domestica (gray short-tailed opossum) 5S ribosomal RNA,GUCUAUGGCUCUCCCACCCUGAUCAAGUCUAAUCUUGUCUGAUCUUGGAAGCUAAGCUAGGUCAAGCCUGGUUAGUACUUAGAUGAAAAACCACCUGGGAAUACCAGGUGCUGUGGACU
33169,URS0000EFFACB,RNAcentral,5S,Eremothecium gossypii 5S rRNA,GGUUGCGGCCAUAUCUACCAGAAAGCACCGUUUCCCGUCCGAUCAACUGUAGUUAAGCUGGUAAGAGCCUGACCGAGUAGUGUAGUGGGUGACCAUACGCGAAACUCAGGUGCUGCAAUCUUUU
272569,NR_075280,NCBI,5S,Haloarcula marismortui ATCC 43049 5S ribosomal RNA,UUAGGCGGCCACAGCGGUGGGGUUGCCUCCCGUACCCAUCCCGAACACGGAAGAUAAGCCCACCAGCGUUCCAGGGAGUACUGGAGUGCGCGAGCCUCUGGGAAAUCCGGUUCGCCGCCACC
575564,URS00000CA028,RNAcentral,5S,Acinetobacter sp. RUH2624 5S ribosomal RNA,UGGCGACCAUAGCAAGAGUGAACCACCUGAUCCCUUCCCGAACUCAGAAGUGAAACCUCUUAGCGCUGAUGGUAGUGUGGGGUUACCCAUGUGAGAGUAAGUCAUCGCCAGCUC
262724,NR_075167,NCBI,5S,Thermus thermophilus HB27 5S ribosomal RNA,UCCCCCGUGCCCAUAGCGGCGUGGAACCACCCGUUCCCAUUCCGAACACGGAAGUGAAACGCGCCAGCGCCGAUGGUACUGGGCGGGCGACCGCCUGGGAGAGUAGGUCGGUGCGGGGGAUU
511145,NR_103249,NCBI,5S,Escherichia coli str. K-12 substr. MG1655 5S ribosomal RNA,UGCCUGGCGGCCGUAGCGCGGUGGUCCCACCUGACCCCAUGCCGAACUCAGAAGUGAAACGCCGUAGCGCCGAUGGUAGUGUGGGGUCUCCCCAUGCGAGAGUAGGGAACUGCCAGGCAU
