#214092,WP_002210156.1,NCBI,bL09,50S ribosomal protein L9,MQVILLDKVANLGSLGDQVNVKAGYARNFLVPQGKAVPATKKNVEFFEARRAELEAKLADVLAAAEARATKINELVSVTISSKAGDEGKLFGSIGTRDIADAVTAAGVEVAKSEVRLPNGVLRTAGEHEVHFQVHSDVFAKLNVVVVPEA
#1841599,OLS17125.1,NCBI,aL33,hypothetical protein OdinLCB4_03290,SERIKKPSETVKYKIPVKPSEPIRRAIGKVYSFERGGARISNNKVLAHIIDSSKKVEELIGVKVWLKYGKNLVVKGKIINKHGNASNVKIKLDKPVSAAVLNAPIYL
#55529,XP_005822438.1,NCBI,aL18,large subunit ribosomal protein L18e cytoplasmic,MGFDKGIQSAGKAKTRFRKEPKSENVYIKLLVKLYRFLARRTESKFNAVILKRLFMSRANRPPLSVSRLAKFMKGKQGKVAVVVGTITDDIRFFQDNDLKLTVCCLRITDRARARITAAGGEVITFDQLALRAPTGSNCVLLRGPLKAREVYKHFGKAPGVPHSSTKPYTRNSEKSRKFESARGRRGSCGFKV
#55529,XP_005839379.1,NCBI,aL19,large subunit ribosomal protein L19e cytoplasmic,MVSLRLQKRLAASVLKCGKGKIWLDPNEVNEISMANSRQNIRKLVKDGYVIRKPVAIHSRSRVHRKNEAKRKGRHMGFGKRKGTAEARLPTKVIWMRRQRVLRRLLAKYREQKKIDKHLYHVLYMKCKGNVFKNKRNLIEFIHKAKAEKAREKSLADQAEARRNKARLARERRAARVDEKRGVSEKETPKDEPAEQPAAEKPKKEKKSKK
#55529,XP_005838214.1,NCBI,aL32,large subunit ribosomal protein L32e cytoplasmic,MAVGSRSKLRPAVRPKIVKKKSNKFVRFHADLFKRMAQSWRKPHGMDGRFRRHFKGTPKHVKIGYGSNKKTRFLMPDGFLKFRVSNVAELELLLMHNKKYAAEIAQNVSTRKRKAIVERAEQLGIKVTNGDAKLRAEESE
#55529,XP_005827228.1,NCBI,aS06,small subunit ribosomal protein S6e cytoplasmic,MKFNIANPATGCQKVLEVEDERKLREFYDKRMNQEVQGDVLGDEFKGYVFKISGGNDKQGFPMKQGVMTSKRVRLLLKKGSSCYRPRRKGERKRKSVRGCIVSSDIQVLNLLIVQKGEGELPGLTDTSVPRRLGPKRATRIRKLFALEKGDKLEKQYRLKREVSRGEGKKPTIKAPKVQRLVTPQRLQRRRAEKALKKASREKSKEDAKKYHDLVIKRKKEAKEKRAEQASKRRSQNSATKSGASK
#214092,WP_002210675.1,NCBI,bL12,50S ribosomal protein L7/L12,MSTITKDQILEGVAALSVMEIVELISAMEEKFGVSAAAVAAGPAAAVEAAEEQTEFDVVLASFGENKVAVIKAVRGATGLGLKEAKDLVESAPAVLKEGVNKDEAETLKKSLEEAGASVEIK
#214092,WP_002211833.1,NCBI,bL20,50S ribosomal protein L20,MARVKRGVIARARHKKILKQAKGYYGARSRVYRVAFQAVIKAGQYAYRDRRQRKRQFRQLWIARINAAARQNGLSYSRFINGLKKASVEIDRKILADIAVFDKVAFSALVEKAKAALA
#214092,WP_002210178.1,NCBI,bL21,50S ribosomal protein L21,MYAVFQSGGKQHRVSEGQTIRLEKLDIATGETIEFDQVLMIANGEEINIGAPLVDGGKIKAEIIAHGRGEKIKIVKFRRRKHYRKQQGHRQWFTDVKITGISA
#214092,WP_002208991.1,NCBI,bL28,50S ribosomal protein L28,MSRVCQVTGKRPMSGNNRSHAMNATKRRFLPNLHSHRFWVEGEKRFVTLRVSAKGMRVIDKKGIETVLAEIRARGEKY
#214092,WP_002208990.1,NCBI,bL33,50S ribosomal protein L33,MAKGVREKIKLVSSAGTGHFYTTTKNKRTKPEKLELKKFDPVVRQHVLYKEAKIK
#214092,WP_002220736.1,NCBI,bL34,50S ribosomal protein L34,MKRTFQPSVLKRNRSHGFRARMATKNGRQVLARRRAKSRSRLTVSK
#214092,WP_002208618.1,NCBI,bL36,50S ribosomal protein L36,MQVLSSLRSAKNRHPDCKIVRRRGRVYVICKSNPRFKAVQGGTHKKR
#214092,WP_002211323.1,NCBI,bS01,30S ribosomal protein S1,MIESFAQLFEESLKTIETRPGSIVRGVVVSIDKDIVLVDAGLKSESAIPAEQFKNAQGELEIQVGDEVDVALDAVEDGFGETLLSREKAKRHEAWLMLEKAYEEAATVTGVINGKVKGGFTVELNGIRAFLPGSLVDVRPVRDTLHLEGKELEFKVIKLDQKRNNVVVSRRAVIESENSAERDQLLENLQEGMEVKGIVKNLTDYGAFVDLGGVDGLLHITDMAWKRVKHPSEIVNVGDEITVKVLKFDRERTRVSLGLKQLGEDPWVAIAKRYPESTKLTGRVTNLTDYGCFVEIEEGVEGLVHVSEMDWTNKNIHPSKVVNVGDVVEVMVLDIDEERRRISLGLKQCKSNPWQLFAETHNKNDRVEGKIKSITDFGIFIGLDGGIDGLVHLSDISWNVAGEEAVREYKKGDEIAAVVLQVDAERERISLGVKQLAEDPFNNYLSVNKKGAIVTGKVTAVDAKGATVELAGGVEGYLRAFEATRDRVEDATLVLNVGDEVEAKYTGVDRKNRVISLSVRAKDEADEKDAIATVNTKPEESNFSSAMAEAFKAAKGE
#214092,WP_002210153.1,NCBI,bS06,30S ribosomal protein S6,MRHYEIVFMVHPDQSEQVPGMIERYSATITNAAGTIHRLEDWGRRQLAYPINKLHKAHYVLLNVEAPQEAIDELETNFRFNDAVIRSMVMRVKHAVTEASPMVKAKDERRERHDFASEANDDSEAGDSEE
#214092,WP_002209458.1,NCBI,bS16,30S ribosomal protein S16,MVTIRLARGGAKKRPFYQVVVTDSRNARDGRFIERVGFFNPIASGQAEALRLDLDRIEHWIGLGATVSDRVSVLIKDAKKAA
#214092,WP_002220715.1,NCBI,bS20,30S ribosomal protein S20,MANIKSAKKRAVQSEKRRKHNASRRSMVRTFIKKVYAAIAAGDKDAAQKAFNEMQPIVDRQSCKGLIHKNKAARHKSNLVAQINAMQ
#214092,WP_001144069.1,NCBI,bS21,30S ribosomal protein S21,MPVIKVRENEPFDVALRRFKRSCEKAGVLAEVRRREFYEKPTTERKRAKASAVKRHAKKLARENARRTRLY
