461836,XP_013758080.1,NCBI,uL02,Ribosomal protein uL02,MGRVIRQQRKGAGSVFRSHVKRRKGAAKFRTLDYAEKNGYLKGIVKEIIHDPGRGAPLARVQFRDPYKYRLNTETFIAAEGMYTGQFVYCGKSAQLSVGNVIPLSELPEGTIVCNVEAKKGDRGTFARTSGNYATIISHNRDDKVTRIRLPSGSKKVIPSTARAMVGIVAGGGRTDKPLLKAGRAYHKYKVKRNCWPRTRGVAMNPVDHPFGGGNHQHIGKPSTKARDAPPGQKTGLMAARRTGLRRGSKKKRE
3039,QLA09599.1,NCBI,uL02,Ribosomal protein uL02,MGKPVRGQRKGAGSIYITHGHKRQGQARLRPLDYGERKGFIRGVVKEIVHDSGRGAPLAKVQFRHPYKFKKVTHLMVACEGMYVGQYIYCGKKAQLAIGNVLPLSKMPEGTIVCNLEAKVADRSRLAKASGAYAIVISHNPDTGKSRVKLPSGQKKTVSSQCRAMIGLIAGGGRIEKPVLKAGNNYYRFKVKRNCWPRVRGVAMSPVDHPHGGGNHQHIGFPCTVSRNAPPGQKVGLIAARRTGRLRGGVKSGKDTEADSKKKK
3055,XP_001692985.1,NCBI,uL02,Ribosomal protein uL02,MGRVIRSQRKGRGGIFKSHNTHRKGAAQHRVMDSAERNHYIKGVVAEVIHDPGRGAPLARVTFRDPIRYKHQKELFIAAEGIYSGQFIYCGRKAALSIGNVKPLGDMPEGTIVCNVEEKAGDRGALARCSGDYAIVVAHNPDTGITRIKLPSGAKKVVSSACRATVGQVAGGGRTEKPMLKAGRSYWKYKAKRNSWPKVRGVAMNPVEHPHGGGNHQHIGHASTVRRSAPPGQKVGLIAARRTGRLRGTNVIKGAAQNE
3075,XP_011401819.1,NCBI,uL02,Ribosomal protein uL02,MGRVIRGQRKGAGSVFKSHNTHRKGAAKLRTLDASERHGYVKGVVTEVIHDSGRGAPLARVTFRDTVRYMHDKQLFIAAEGIHTGQYIYCGQKATLNIGNVKPVGELPEGTVICNVEEKVGDRGAMARASGDYAIIVAHNPDAQITRIKLPSGLKKVIPSGCRATIGQVAGGGRTEKPLLKAGRAYHKYRVKRNSWPKVRGVAMNPVEHPHGGGNHQHIGHASTTRRDAPPGQKVGLIAARRTGRIRGTLLKVDKE
5722,BAD10930.1,NCBI,uL02,Ribosomal protein uL02,MGHIVRVQRRGNGSVFQAHTHHRVGPAKFRALDAAERTSVISGMVKEIIHDPGRGAPLAKLIYKKAEGQGFDSALVIAPEGIHTGQFIKCGAQADLHIGNILPLAQIPEGTEICNVEHRPGDGGRYGRCSGDSCRVIGHTENYTRIQLPSGRKALVSNICRATLGIVAGGGRPEKPLLKAGNVHYKYKAKRHTWPIVCGIKMNPVDHRHGGGSHQHMGAPGTVARSARPGQKLGLIASRRTGHRRGTVNLA
13221,A0A6T0A831,UNI,uL02,Ribosomal protein uL02,MGRQIRGQRKGRGSVFTSHTKHRKGPGALRALDYAERNGYIRGVVRELVHDPGRGAPLVRVQFNSPYKYKKINEQWTATEGTYTGQFIYCGKRATLIPGNILPLESMPPGTVINNVEKQAGDKGKFAKTSGGFAQIIQHIEGAGKTRVRLPSGQKKTISSRARAAVGIVAGGGRIDKPLLKAGRAYHKYRVKRNCWPKVRGVAMNPVEHPHGGGNHQHIGHPSTVRRDSVPGQKVGLIAARRTGQLRGRKETDKTGA
13706,ORY94103.1,NCBI,uL02,Ribosomal protein uL02,MGRVIRAQRKGAGSVFKAHTVGRKGAAQLRTFDYAERHGYIRGLVKEIVHDPGRGAPLAKVVFRDPYKYKLRTETFIATEGMYTGQFIYCGKKAALAIGNVLPLASMPEGTIVSNVEEKIGDRGALARTSGNYVTIIGHGEDGRTRLRLPSGAKKIVPSTARAVVGIVAGGGRIDKPLLKAGRAYHQAKAKRNNWPRTRGVAMNPVDHPHGGGNHQHIGHASTMARDAPAGQKVGLIAARRTGLLRGTKKVKDQ
1514140,A0A6U1WTV8,UNI,uL02,Ribosomal protein uL02,MGKYVQAQRKGKSPVFKAHTRTRKGAVKLRSIDYAETHGYIRGVVKEILHDPGRGAPVAKIQFLNAYRYKRDTELMIATEGMYTGMFIYCGKKAALTVGNVLPLKAVPEGTIVCNIESRLGDRGAFARGSGCFAVVIAHDEDKGTTRLRLPSGGKKTVRSEVRAQIGIVAGGGRTDKPLMKAGNAYHKYSVKRNCWPKIRGVAKNPVEHPHGGGNHQHIGMPSTVAQDRPSGRKVGLIGARRTGRLRGVKKTAQDRD
227086,A0A6T7G9S8,UNI,uL02,Ribosomal protein uL02,MGKQIRGQRKGRGSVFKSHSKHRKGAVQHRALDFAERHGYIKGVVREIIHDPGRGAPIARVVFRNPYKYKLDKMNFIAAEGVYTGQFIFAGAKAQLKIGNVLPLSAMPEGTIICNVEEKQGDRGKLARASGNYASIVAHNLDEGTTRIRLPSGAKKICKSSCRAMVGIVGGGGRLDKPMLKAGRAHHKYKAKRNCWPKVRGVAMNPVEHPHGGGNHQHIGKASTSKRDAPPGAKVGLIAARRTGRITGGSDK
2769,CDF33621.1,NCBI,uL02,Ribosomal protein uL02,MGRVIRGQRKGAGGIFKSHTSKRKGAAKLRALDYSESHGYIRGVVKDIIHDPGRGAPLAKVVFRDRIRYKKNVELFIASEGMYTGQFLYCGRRANLTIGNVMPLSEMPEGTIVCNVEAKKGDRGKLARASGDYVTVIGHLEGNKTRIRLPSGMRKVVPSTCRAMVGIVAGGGRTDKPLLKAGAAYHKYRVKRNSWPKVRGVAMNPVEHPHGGGNHQHVGHPTTVRRDAPAGKKVGLIAARRTGRIRGGKPAKE
2903,A0A6U8NYB6,UNI,uL02,Ribosomal protein uL02,MGRVIRGQRKGAGSIFTSHTKHRKGPASLRAIDYAERHGYIRGVIRDIIHDPGRGAPIAKVEFKNQYKFKTMKEQWTATEGMYTGQFVYCGKRAQLVPGNVLPLSSMPPGTVINNVEKQAGDKGKFAKTSGGFAQIIQHIEGAGKTRVRLPSGQKKTISSASRASIGIVAGGGRIDKPLLKAGRAFHKYRVKRNSWPKVRGVAMNPVEHPHGGGNHQHIGHPSTVKRDSVPGQKVGLIAARRTGQIRGRKEINDK
37360,CEO96711.1,NCBI,uL02,Ribosomal protein uL02,MGRVIRGQRKGAGGIFKSHVKNRKGAAKLRSVDYSERNGYVKGVVREIIHDPGRGAPLARVEFRHPYKYKTNKELFIAAEGMYSGMFIYCGKTAQLTIGNVLPLKEMPEGSLVFNVEGNPGDRGTLARTSGNYATIISHNAEENKTRLRLPSGSKKVVNSDCRATVGVVAGGGRCEKPMLKAGRAYFKYKAKRNCWPVVRGVAMNPVEHPHGGGNHQHIGHPSTCRRDAPAGQKVGLIAARRTGRLRGKKKIKD
52970,A0A6U4SYL4,UNI,uL02,Ribosomal protein uL02,MGRVIRGQRKGHGSIFKSHTKHRKGAVSLRTLDYAERNGYVKGVIKEIIHDPGRGAPLAVVQFRSPYSYKVEKKLFACAEGMYTGQFVYCGKKAQLVVGNVLPVSEMPEGTVVCNLEHRQGNGGTIARASGDYCTIMTQDADAGKTRIKMPSGARKTISNKCRAMVGLIAGGGRIDKPMLKAGTAFHKYKAKRNEWPIVRGVCMNPVEHPFGGGNHQHIGKPSTVRGDKAHGRKVGLIAARRTGRLRGGKATQALAEKAKEKK
5741,ESU35325.1,NCBI,uL02,Ribosomal protein uL02,MAFFVSGSVKMGRRIRVQRKGAGSVFRAHVARRLGAAKLRANDFAERTGSVRGVVKAILHDRGRGAPLARVQFPNMRGEGRVNELFIAPEGMYTGQEVFSGNKATLHIGNILPVGNIPEGTYVCNVEEKPMDRGCLARASGTYCLVVAHNMETNKTRIRLPSGQKKLISSKARAMIGLVAGGGRTDKPLLKAGNAYHKYKAKRNCWPVVRGVAMNPVDHPHGGGNHQHIGVSSCVPRNAVPGQKVGLIAARRTGCSGGKRR
5755,L8H292,UNI,uL02,Ribosomal protein uL02,MGRVIRGQRKGKGSVFKSHTFHRKGAAQHRKLDFAERKGYIKGVVKDIIHDPGRGAPLAKVQFKNPYKYGLDKELFVAAEGMHTGQFVYCGKKAQLSVGNVLPVGSMPEGTIICNVETRPGDRGSLARTSGNYATLVSHNPDEGVSRIKLPSGAKKAISSDSRAMVGIVAGGGRIDKPMLKAGRAYYKYKAKRNCWPKVRGVAMNPVDHPHGGGNHQHIGHASTVRRDAPSGQKVGLIAARRTGRISGSKKVTFNEE
5762,EFC47452.1,NCBI,uL02,Ribosomal protein uL02,MGKRIRAQRKGNGAGPYKTRSIYKIAKPQYRHLDYSEREGFMKGVVRQIVHEPGRGAPLAEVAFRHPLKPKKDIQYFLAPEGLYTGQFVFCGQKAELKIGNVLPIGNLPEGTVCCNVERKTGDRGALARAAGESAVIIAHSEDGKTRVKLPSGVKKTLPSDNRATIGVIACGGKTERPVLKASTNYFRFKAKGRKQWPRVRGVAMNPVEHPHGGGNHQHIGKPSTVSRLTPAGRKVGLIGARRTGRIRGGKANVNQVEKD
5888,CAK62639.1,NCBI,uL02,Ribosomal protein uL02,MGKRIRAQRKGKSNSVFKAHQNQRIGSPQYRHLDYAERHGYVRGVISAIRHDPGRGAPLAEVEFNDPYKYKKVTKLFIAPEGSYTGQYIYCGAKAQLATGNVLPIGQIPEGTVVCNLEEHPGDKGALGRATGCYATIIGHSDDGTTTRVRLPSGTRKTLSALCRATVGLIAGGGRTEKPILKAGRQFHKYRRLRKCWPKVRGVAMNPVDHPHGGGNQQHIGHPSTLSRYAPPGQKVGLVAARRSGLLRGGAQLKQMDEDLAAQQAKK
70448,CEF97530.1,NCBI,uL02,Ribosomal protein uL02,MGRVIRSCRKGKGSVFRSHTHTRKGAAKHRQQDFSERHGYVKGVVTDIIHDPGRGAPLAKMTFRHTKRYGLQKETFIAAEGTYTGQFVYAGKKASLSIGNILPLSSMPEGTIICNVESKLGDRGTLAKASGEYCILISHNLDTGFSRIKLPSGSKKTIPSGCRATIGQVAGGGRLDKPMLKAGTAYHKYKVKRNSWPKVRGVAMNPVEHPHGGGNHQHIGHASTIRRDRPTGAKVGLIAARRTGRQRGAKGPEKDE
