10090,O35972,UNI,uL23m,39S ribosomal protein L23 mitochondrial,MARNVLYPLYQLGGPQLRVFRTNFFIQLVRPGTAQPEDTVQFRIPMEMTRVDLRNYLEQIYNVPVAAVRTRVQHGSNRRRDHKNVRIKKPDYKVAYVQLAHGQTFTFPDLFPEKDPRSPEPLEEELPQQRQSSDLRCPGIPSWFGL
10116,Q63750,UNI,uL23m,39S ribosomal protein L23 mitochondrial,MARNVLYPLYQLGGPQLRVFRTNFFIQLVRPGTAQPEDTVQFRIPMEMTRVDLRNYLEQIYNVPVAAVRTRVQHGSNRRRDHKNVRIKKPDYKVAYVQLAHGQTFTFPDLFPEKEPTSPDPLEEELPQQRQSSDPRCPGIPSWFGL
13221,A0A6S9QY57,UNI,uL23m,Uncharacterized protein,MLCRVTLFPNWVVKHIRNPQLRTAEWMKRPVEVFHVSPKMTKFEIKEYLIQLYGMPVSKVHTVNFDGRFYMTPEGQRRKHPSYKRAYVYLEDEQGKHRPRYHEAEFQMTEEARQAWPAKPGRTAKDLADKIIDGTLEPSLLRRNWKKY
13616,H9H632,UNI,uL23m,Uncharacterized protein,YPLYQAGNPQLRVFRTNFFVQLVRPGTAQPEDTVQFRIPMEMTRLDLKNYLQSIYGVPVAAVRTRIQHGSGKKRDHRNVRVKQPDYKVAYVQLAYGQTFTFPDLFPERELSPEAGSVDDIQSQFLEDEKQRQKGDPRRGGVPDWFGL
13706,A0A1X2HD53,UNI,uL23m,Ribosomal protein L23/L15e core domain-containing protein,MSTPFRQGLNKVYLPNIIFRMIRSPNLQPNQVAFRVPPKCNKFDIHSYLTNIYGVNVQEVRTMNYLASYRNRAGSGREKKRSAYKKAIVTVDEPFEWPAEPEWCQLELQQNQLGTKNARRKMNGWRVRAPEDERAELKRVNEALQERMAAESGQQKKK
1514140,A0A6U1ZS91,UNI,uL23m,Uncharacterized protein,MFSTLRTALKVFLPTMPMTLVSARNPTLTKNASAVFRVEPRMTKHEIQEYLSKIYQLPVKKVNTMNYMGKRKRVFGRRKIAYYKYRDFKKAIVIFDDSLRDVGLGTRIISEEQEDRA
185431,Q387G3,UNI,uL23m,Uncharacterized protein,MVVSLRRFHSYANSSRGGATTCLITGGGKGHFALTVSTRGRFYRPLVDDGINLWRRRMGRIHKGWRTWEYQHTRPDPRPFPDPPVNDYFGRSRIWNPIACKLGYVRKKADEWGWPNKPPPPTGLRHSQEFFPFFFERYFPDAEVRLLLDSVLNNETKRPVFQIPCSMSKVELVNYLKNIYGIDNVVRVEVRNRRGRRYKNEVGEIKMMDDYKVAVVELDTPVSVELKQIKGTEDTSDNRPQERITQ
227086,A0A6U0A4X3,UNI,uL23m,Uncharacterized protein (Fragment),PTILYPEDGLDSSFPQPSTSKTNMRRILKFPNAVYKIVRPGKKLAPNEVLFHVPLWHNKVQIKNYLEEIYNVEIDRVDTAVQLGKSKQVRTRRMRTPLTVKAPDVKKAYVTLRNQTFSYPNLDA
2769,R7QKX0,UNI,uL23m,Uncharacterized protein,MPPRIWMPNFPLRLKLKAPPQAHVKMPQPGTEGTFKTKELVFETVPQMTKLEIKQFLRAAYGIDVNNVHSLVVMGKRKNEHTRMPVQEKDFKRFYVKLKSDVELPNVPKPLDKVNQATP
2801,A0A6V0MQH9,UNI,uL23m,Uncharacterized protein (Fragment),PPNAIGSILRGLPRRARILPVEPMPPRFSFPNFPFRLKFKPPPNAIEHTNPKREPFFRTQTVVLETYKSMNKLEIRDFLERAYGLQVERVNTLNTLHKRKNVLVGKNTFPKKTTEYKRAYVKLSTEVEIPWNPRDMPELMKKK
284812,Q09727,UNI,uL23m,54S ribosomal protein L23 mitochondrial,MSKIAGKRLVYFPNITFTLCRGLNLQPKFAVFRVPLHVNKFDVRDYLQHVYNLKVVSVKSRIYQGKLFRNQLGQVKRPQSEKRVIVEMEEPFVYPNAPNDLKDWQEGELLPDGSNVKTLSRYPKVLEQVDMKRVNEELSKLQDKQILESQQKIARLLKKKY
2903,R1DF07,UNI,uL23m,Uncharacterized protein,MNKLEIAEYLRKLYGMPVTKVHTANYDGKEKRDPRDPTKRQTHQPRPPKTAAYKKAFVYLADEQGAQRPRYHEVEAQLTPEALASWPAKPGLSARELREQAERAGREG
3055,A0A2K3CQS0,UNI,uL23m,Uncharacterized protein,MKLTPEQMDQVKETGWLREVAFKTTPDVTKLEIAAFLQSVYGMNVERVSTINYLGRRRLAISRNGKRLWWREDDWKKAYVIFRPPAGQEHLLTRGRRAGGDGDSGDEEQQRPVIEQIREAARAPRLPPRPYPWERRPGGGRRGAPGGEAEVPGGRSGDAAE
3075,A0A087SSQ6,UNI,uL23m,50S ribosomal protein L23,MSWRRLQAALPNLTLKLYPLSKAQQAIYETTGTVKELVFRTTPKANKAEIKEHLEKVYGLSVEKVNTCNYLGRKKHGKAGFYRCEEWHVSNKGGRKTGGHVYQIKFFLVDATGLEHLAAVGEDQGDAHYIYSNQPGFPGLYGHNKQDVKRWLEDVMAASQLRAGYHLDLVQDEVPTDPSSIRLPTFVAYRHERTELDDGRHAMCWFLVDVFGKEHIAISGEEKETRDGHYDYSTQGVFHVVAPLSCHNQAAVVRWLDERVVHKGQAAAAATGKLPGNFHTAGQYGRSGGVRAGRKPGSDLARAAALKKWRTAHGGAVPGADPAQEARDALAAELRAWAREEAGARSAARRRALAWASDPAPLAALAAAEEAVDLLRGGSGEDRASVQRGADGRGGAAGLAAQADGVRARVRLLALLRQLAHSYAPLALAAAPGLQAALAAAPASPLAGPEVAALASWILQAWASALGCHLAVLTQERYVRDPGAELEAALGGRRAWLDAAAAAVTHRRVGQGAQEARAGREPAGGGDKGVGDGTAEGKGGDSAAVAETAAAETAAAETEPENEEGSGSEGEAMDAEEAAE
3088,A0A383WF36,UNI,uL23m,Uncharacterized protein,MLPISEAELQQVLECGWLREVAFKTEPRVNKLEIKAFLEAVHGMQLEIKAFLEAVHGMQVERVSTINYQGRKQRIIDSSGKPHYRRLSDWKKAYVIFKPPPEKLEEWQNSKQRQQELLRLSEQQQRLQRDQRQFLASLKKLPEEQQQQKKQQREEQRSEEEKQLLAMTFTAQERQIIRRQQMQRELDGWQQQVQEARRGLFAPPPAAAAVGAVAAAGAAALGAEKQGQRQQRRRQQQQGRDLSR
36329,Q8I532,UNI,uL23m,Mitochondrial ribosomal protein L23 putative,MFLSFVRYTPPKTPRNVFFPWHTFCIHKSGSFLEKNRLALRVPINLTKFEIREYLRKIYNAKVIKVNTLIKIPERRRNLTDHRFNYYRNGPRYKKAIITLEHEVPDSVKMIQSCKNIGRNPYITKKNITYGVRSDVKIRPTRSQLWHMGECRYSWRLPLTNLLSDYNMNLNPDLRIDDEFVQLTPDPTKPFMHSGISSETIKPNNVPKQTFPHIDLTPWRRQVKKIYDSGTLAPPESFPVTYNGKETIEYSSENKNIKKSSSSKWKPPS
3702,Q9SMR5,UNI,uL23m,At4g39880,MGSRLGGRVVHFANLPIKLLMPAKLTNIHEFALKTIPSASKIEIKRVLESLYGFDVEKVNTLNMDGKKKKRGGLLIAKADYKKAYVTLRSPLSISRDLFPVKYIEEDRKSKVKGSSFVEEEDDKKSHWLDRKEKREIGGYGKGKGRRGGERANSPTRGGAAAAGTAKFPWSNMRFVGK
37360,A0A0G4IK15,UNI,uL23m,Uncharacterized protein,MVRKTLLSATVMLVKSSKDLGANKALFRVPVDFGKKEIAAYLRQLYNLPVARVNTLNRLGATRRALFARSSTPKYYKRPDVKLAYVTFASDVNNPFAS
39947,Q7EYV4,UNI,uL23m,Os07g0415200 protein,MGSRLGRRVIHFANLPLKLMLPPAPLSSVQEFAVKTVPSASKVDIRRCLESMYGFSVAEVRTLNMEGKKLRRGPFLAAKPDYKKAYVTLRAPLPVSPDLFPIGLVLGERERKASAAAARRKAVEGAEVEGEGKGKHWMEDEKVGFSRAGRGKVVYGNPGRLGKKRNGGTKVKDRAGEEVGKFPWSGTRLATEKKPARKQQYAPKKKGIVLKQKSWKGSVHRQPKKKVEA
461836,A0A0L0D7H3,UNI,uL23m,50S ribosomal protein L23,MASRLVRFPSMTIRLMQSTKRLPKDTLAFKVPRKVGKFEIKAYMEALYGVRVASVNTAIYPGKTGVSRDGRYKRSDWKRAFVKFAGFSADSPVTSPASP
52970,A0A6U5B5V4,UNI,uL23m,Uncharacterized protein (Fragment),ADKAARAAAVARKALEQATAAAAAKGRPLKQKKFVELHRRIKAETKTPWKVHFPNEIIQFMPNQKEAAELDTVKFRVSPHLNKFDIRQWIEAGYDTPVEKVNTINYEGRLGRKQGGRTWKRPDYKVAYVKLEKPWTPPNN
559292,P32387,UNI,uL23m,54S ribosomal protein L41 mitochondrial,MPRLTVGTKNMLYPLQKTLAVGSCKPEQVPIRSLASVVESSSKILDKSGSDREVDINVSEKIYKWTKAGIEQGKEHFKVGGNKVYFPKARIILLRPNAKHTPYQAKFIVPKSFNKLDLRDYLYHIYGLRAMNITTQLLHGKFNRMNLQTTRFREPQIKKMTIEMEEPFIWPEEPRPDENSFWDSTTPDNMEKYREERLNCLGSDANKPGTAFDGVVGPYERVAQPFIPRFLKREIDNKRERHAAELQRADKLIALNRYIEDLH
5762,D2UXW9,UNI,uL23m,Predicted protein,MLFNSFLRSVSKSACLNKSSSIYFNNIARSFHSSITQCIETNFISEKPTLMKEDFKLSDLDKKPNVTSRERRRRRIISIEKNKREQTGATSLTDEIYNKRPIIEFPNRYFALYIPSVVNKTSKVVFHVPMDYTKPEIKEYLETYYGLKIKDVTTMITQGRLKRSRKVRGVMEKEPDFKKATVTLYEPVDLGFSDELKIELARNYDKRLNAKLKQAREAAEKMKSESGVNNENEASEEEQMKQMEEAHKQMEEAKARARQNKDQAAEAVEVKDK
5888,A0BDN3,UNI,uL23m,Uncharacterized protein,MQKILNFREYFLNPKGIKIVPTSNFKRATPVEALFDQSVVLHRAEKQLEKNVVAFKLQPYKYSLNKPEIKQYFTQLYGLNVDKVNTINYMGAIKRSPKGGRYREKDFKKVYLQLNEEIEPFFQKIEK
6238,Q61DA8,UNI,uL23m,Probable 39S ribosomal protein L23 mitochondrial,MTSRLARLWQPGNPQRRVFLPDFWMAVIESPSVGRNKLPRNCVKFEVDPRMSRHDIREYLTKIYDLPVRDVRTEVQMGDITWNTKLDHQYKKAMWKEEDKKIAYVFMSKDFAFSFPQMFAASEEVVELAKMTKQQEELKEKLNEQYANRNRRVGQFLAA
6239,Q9GYS9,UNI,uL23m,Probable 39S ribosomal protein L23 mitochondrial,MTSRLARLWQPGNPQRRVFLPDFWMAVVESPSVGRNRLPRNCVKFEVDPRMSRHDIREYLTKIYDLPVRDVRTEVQMGDITWNSKLDHQYKKAMWKDEDKKIAYVFMSKGFEFSYPQMFEALEEDLELVKAMKQQEELKDKLNERYANRNRRVGQFLGA
70448,A0A096P966,UNI,uL23m,Ribosomal protein L25/L23,MTSVAKRLGRVIPLPNLRLTLRPPDAKRAIEGVDEVTFITTPDATKTEIKSFLERVVGVAVADVRTANRVGKKRRDRGGLHHRPDTKLAYVRLRERWFPPPAFRAKAPADAASAADAAPSSAASRV
7160,A0A023EGY5,UNI,uL23m,39S ribosomal protein L23 mitochondrial,MSTRWYPIYQRGNPQLRVFLPNFWMKLIRPEHEQPPNVVQFVCSMEMTKHDVKNYLEKIYNLPVVDVRTRIAMGKTKRDLIMGYISKHEDTKLAYVTLPKETKFEFPNLFPAEAKQKTEDDKKSLDEAKKNHKMYLEKNKHRPGTPGWFTI
7227,Q9W021,UNI,uL23m,39S ribosomal protein L23 mitochondrial,MSTRWYPIYQRGNPQLRVFLPNFWMKLIRPTEEQPPNVVTFSVSMEMTKYDVRNYLEKIYKLPVVDVRTRIAMGETKKDQTYGYITKKDDVKLAYVTLPREESFVFPDFFSEKAEKQAKEEKSLDESKAGFRRFLDRNKKRPGTPGWFSI
7897,H3ATW6,UNI,uL23m,Uncharacterized protein,LQQPAKSCSRLSRQLRYPLYQLGNPQLRIFRPNFFLTLVRPGMEQPADVVQFRVSMEMTKFDVKNYLEKIYGVPVAAVRTRIQYGTNKKKNHLNQRVKRPDYKVAYVQLGEEQTFNFPDLFPMKDQTPEPGSMDDLQNKFMEDEKQRQKNDPRRGGVPDWFGL
7955,Q6IQS9,UNI,uL23m,39S ribosomal protein L23 mitochondrial,MAKRIIYPLYQLGNPQLRIFRPTFNMTLVRPGKEQPPDTVQFRISMAMTKCDVRNYLEKIYSVPVSAVRTRIQYCSNKKRNHLNQRVKRPDYKVAYVQLAQQQTFQFPDIFPEKDKKSKEGSVEEMHEKFMEDERQRQKPDPRRGGVTEWFGL
8355,A0A1L8GD47,UNI,uL23m,Uncharacterized protein,MTLVRPGKEQPPDTVQFRIPLEMTKVDVQNYLQRIYNAPVATVRTRIQYGNNRKRNHLNQRVKRPDYKVAYVQLGQGQTFQFPELFPQKDETPESGSFDEVQMEFMENEKQRQKNDPRRGGLNDWFGL
9031,F1NVZ3,UNI,uL23m,Uncharacterized protein,MSPTVAVEGSLERSASVQPLGIRRTPPSRRSSAPAGGASGGRRPAGRRSVIGALPGRAAAMAAVGKKAVYPLYQLGGPQLRIFRPNFFMLAVRPGVPQPEDTVQFRVSMEMTKVDIKNYLEKIYNVPVAAVRTRIQYGANNKRNHRNQRVKKPDYKVAYVQLGQGKTFQFPNLFPEKEDSEAEAFDDFRKKFMEKEQQSQKGDPRRGGVPDWFGL
9598,A0A2I3TDS1,UNI,uL23m,Mitochondrial ribosomal protein L23,MARNVVYPLYQLGGPQLRVFRTNFFIQLVRPGVAQPEDTVQFRIPMEMTRVDLRNYLEGIYNVPVAAVRTRVQHGSNKRRDHRNVRIKKPDYKVAYVQLPSQTPSKEQNGQGSTLCFRSSCSKGWSTWGTRDPRPAWSPVGGRIPRKAGSGGPANRIAQDGSLLLKNPRPRVPRREQPATRFPLWRRGVLA
9606,Q16540,UNI,uL23m,39S ribosomal protein L23 mitochondrial,MARNVVYPLYRLGGPQLRVFRTNFFIQLVRPGVAQPEDTVQFRIPMEMTRVDLRNYLEGIYNVPVAAVRTRVQHGSNKRRDHRNVRIKKPDYKVAYVQLAHGQTFTFPDLFPEKDESPEGSAADDLYSMLEEERQQRQSSDPRRGGVPSWFGL
