"1C2W|1|B|G|1","cWW","1C2W|1|B|C|2902"
"1C2W|1|B|G|2","cWW","1C2W|1|B|C|2901"
"1C2W|1|B|U|3","cWW","1C2W|1|B|A|2900"
"1C2W|1|B|U|4","cWW","1C2W|1|B|A|2899"
"1C2W|1|B|A|5","cWW","1C2W|1|B|U|2898"
"1C2W|1|B|A|6","cWW","1C2W|1|B|U|2897"
"1C2W|1|B|G|7","cWW","1C2W|1|B|C|2896"
"1C2W|1|B|C|8","cWW","1C2W|1|B|G|2895"
"1C2W|1|B|G|9","ncSS","1C2W|1|B|A|526"
"1C2W|1|B|A|13","ncSH","1C2W|1|B|C|584"
"1C2W|1|B|C|16","cWW","1C2W|1|B|G|524"
"1C2W|1|B|G|17","cWW","1C2W|1|B|C|523"
"1C2W|1|B|U|18","cWW","1C2W|1|B|A|522"
"1C2W|1|B|A|19","cWW","1C2W|1|B|U|521"
"1C2W|1|B|C|20","cWW","1C2W|1|B|G|520"
"1C2W|1|B|A|21","cWW","1C2W|1|B|U|519"
"1C2W|1|B|C|22","cWW","1C2W|1|B|G|518"
"1C2W|1|B|G|23","cWW","1C2W|1|B|C|517"
"1C2W|1|B|G|24","ntSH","1C2W|1|B|G|26"
"1C2W|1|B|G|24","cWW","1C2W|1|B|C|516"
"1C2W|1|B|U|25","cWW","1C2W|1|B|A|515"
"1C2W|1|B|G|26","ntHS","1C2W|1|B|G|24"
"1C2W|1|B|U|29","cWW","1C2W|1|B|G|476"
"1C2W|1|B|G|30","cWW","1C2W|1|B|C|475"
"1C2W|1|B|C|31","cWW","1C2W|1|B|G|474"
"1C2W|1|B|C|32","cWW","1C2W|1|B|G|473"
"1C2W|1|B|G|35","cWW","1C2W|1|B|C|445"
"1C2W|1|B|G|36","cWW","1C2W|1|B|C|444"
"1C2W|1|B|C|37","cWW","1C2W|1|B|G|442"
"1C2W|1|B|A|38","cWW","1C2W|1|B|U|441"
"1C2W|1|B|G|39","cWW","1C2W|1|B|C|440"
"1C2W|1|B|U|40","cWW","1C2W|1|B|A|439"
"1C2W|1|B|C|41","cWW","1C2W|1|B|G|438"
"1C2W|1|B|A|42","cWW","1C2W|1|B|U|437"
"1C2W|1|B|G|43","cWW","1C2W|1|B|C|436"
"1C2W|1|B|A|44","cWW","1C2W|1|B|U|434"
"1C2W|1|B|G|45","cWW","1C2W|1|B|C|433"
"1C2W|1|B|G|54","cWW","1C2W|1|B|C|116"
"1C2W|1|B|G|55","cWW","1C2W|1|B|C|115"
"1C2W|1|B|G|55","ntHH","1C2W|1|B|A|73"
"1C2W|1|B|A|56","cWW","1C2W|1|B|U|114"
"1C2W|1|B|C|57","cWW","1C2W|1|B|G|70"
"1C2W|1|B|G|58","cWW","1C2W|1|B|C|69"
"1C2W|1|B|U|59","ntSS","1C2W|1|B|A|64"
"1C2W|1|B|U|59","cWW","1C2W|1|B|G|68"
"1C2W|1|B|G|60","ntSH","1C2W|1|B|U|62"
"1C2W|1|B|C|61","cWW","1C2W|1|B|G|93"
"1C2W|1|B|U|62","ntHS","1C2W|1|B|G|60"
"1C2W|1|B|A|63","ncSW","1C2W|1|B|A|64"
"1C2W|1|B|A|64","ntSS","1C2W|1|B|U|59"
"1C2W|1|B|A|64","ntHH","1C2W|1|B|G|88"
"1C2W|1|B|A|64","ncWS","1C2W|1|B|A|63"
"1C2W|1|B|U|65","cWW","1C2W|1|B|A|89"
"1C2W|1|B|C|66","cWW","1C2W|1|B|G|88"
"1C2W|1|B|U|67","cWW","1C2W|1|B|A|74"
"1C2W|1|B|G|68","cWW","1C2W|1|B|U|59"
"1C2W|1|B|C|69","cWW","1C2W|1|B|G|58"
"1C2W|1|B|G|70","cWW","1C2W|1|B|C|57"
"1C2W|1|B|A|71","ncWH","1C2W|1|B|G|107"
"1C2W|1|B|A|71","ncWW","1C2W|1|B|U|112"
"1C2W|1|B|A|73","ntHH","1C2W|1|B|G|55"
"1C2W|1|B|A|74","cWW","1C2W|1|B|U|67"
"1C2W|1|B|G|75","ncHS","1C2W|1|B|A|111"
"1C2W|1|B|C|76","cWW","1C2W|1|B|G|110"
"1C2W|1|B|G|77","cWW","1C2W|1|B|C|109"
"1C2W|1|B|G|77","ncHS","1C2W|1|B|A|119"
"1C2W|1|B|U|78","cWW","1C2W|1|B|G|108"
"1C2W|1|B|U|78","ncHW","1C2W|1|B|A|119"
"1C2W|1|B|C|79","cWW","1C2W|1|B|G|107"
"1C2W|1|B|C|79","ncHS","1C2W|1|B|U|102"
"1C2W|1|B|G|80","ntWW","1C2W|1|B|G|98"
"1C2W|1|B|G|80","cWW","1C2W|1|B|C|106"
"1C2W|1|B|G|81","ntWW","1C2W|1|B|G|98"
"1C2W|1|B|G|81","cWW","1C2W|1|B|C|105"
"1C2W|1|B|U|82","cWW","1C2W|1|B|A|104"
"1C2W|1|B|A|84","ncHH","1C2W|1|B|G|86"
"1C2W|1|B|G|85","cWW","1C2W|1|B|C|97"
"1C2W|1|B|G|86","cWW","1C2W|1|B|C|96"
"1C2W|1|B|G|86","ncHH","1C2W|1|B|A|84"
"1C2W|1|B|U|87","cWW","1C2W|1|B|A|95"
"1C2W|1|B|G|88","cWW","1C2W|1|B|C|66"
"1C2W|1|B|G|88","ntHH","1C2W|1|B|A|64"
"1C2W|1|B|A|89","cWW","1C2W|1|B|U|65"
"1C2W|1|B|A|91","ntSH","1C2W|1|B|A|94"
"1C2W|1|B|G|93","cWW","1C2W|1|B|C|61"
"1C2W|1|B|A|94","ntHS","1C2W|1|B|A|91"
"1C2W|1|B|A|95","cWW","1C2W|1|B|U|87"
"1C2W|1|B|C|96","cWW","1C2W|1|B|G|86"
"1C2W|1|B|C|97","cWW","1C2W|1|B|G|85"
"1C2W|1|B|G|98","ntWW","1C2W|1|B|G|80"
"1C2W|1|B|G|98","ntHW","1C2W|1|B|C|106"
"1C2W|1|B|G|98","ntWW","1C2W|1|B|G|81"
"1C2W|1|B|U|100","ntWS","1C2W|1|B|A|118"
"1C2W|1|B|U|102","ncWW","1C2W|1|B|G|108"
"1C2W|1|B|U|102","ncSH","1C2W|1|B|C|79"
"1C2W|1|B|A|104","cWW","1C2W|1|B|U|82"
"1C2W|1|B|C|105","cWW","1C2W|1|B|G|81"
"1C2W|1|B|C|106","ntWH","1C2W|1|B|G|98"
"1C2W|1|B|C|106","cWW","1C2W|1|B|G|80"
"1C2W|1|B|G|107","cWW","1C2W|1|B|C|79"
"1C2W|1|B|G|107","ncHW","1C2W|1|B|A|71"
"1C2W|1|B|G|108","ncWW","1C2W|1|B|U|102"
"1C2W|1|B|G|108","cWW","1C2W|1|B|U|78"
"1C2W|1|B|C|109","cWW","1C2W|1|B|G|77"
"1C2W|1|B|G|110","cWW","1C2W|1|B|C|76"
"1C2W|1|B|A|111","ncSH","1C2W|1|B|G|75"
"1C2W|1|B|U|112","ncWW","1C2W|1|B|A|71"
"1C2W|1|B|U|113","ntHH","1C2W|1|B|C|116"
"1C2W|1|B|U|114","cWW","1C2W|1|B|A|56"
"1C2W|1|B|C|115","cWW","1C2W|1|B|G|55"
"1C2W|1|B|C|116","ntHH","1C2W|1|B|U|113"
"1C2W|1|B|C|116","cWW","1C2W|1|B|G|54"
"1C2W|1|B|A|118","ntSW","1C2W|1|B|U|100"
"1C2W|1|B|A|119","ncWH","1C2W|1|B|U|78"
"1C2W|1|B|A|119","ncSH","1C2W|1|B|G|77"
"1C2W|1|B|G|121","cWW","1C2W|1|B|C|130"
"1C2W|1|B|G|122","cWW","1C2W|1|B|C|129"
"1C2W|1|B|G|123","cWW","1C2W|1|B|C|128"
"1C2W|1|B|C|128","cWW","1C2W|1|B|G|123"
"1C2W|1|B|C|129","cWW","1C2W|1|B|G|122"
"1C2W|1|B|C|130","cWW","1C2W|1|B|G|121"
"1C2W|1|B|A|131","cWW","1C2W|1|B|U|148"
"1C2W|1|B|G|132","cWW","1C2W|1|B|C|147"
"1C2W|1|B|U|133","cWW","1C2W|1|B|A|146"
"1C2W|1|B|G|134","cWW","1C2W|1|B|C|145"
"1C2W|1|B|U|135","cWW","1C2W|1|B|A|144"
"1C2W|1|B|G|136","ncSS","1C2W|1|B|U|1326"
"1C2W|1|B|G|136","cWW","1C2W|1|B|C|143"
"1C2W|1|B|U|137","cWW","1C2W|1|B|A|142"
"1C2W|1|B|U|138","ntSS","1C2W|1|B|G|141"
"1C2W|1|B|G|141","ntSS","1C2W|1|B|U|138"
"1C2W|1|B|A|142","cWW","1C2W|1|B|U|137"
"1C2W|1|B|C|143","ntSW","1C2W|1|B|U|1326"
"1C2W|1|B|C|143","cWW","1C2W|1|B|G|136"
"1C2W|1|B|A|144","cWW","1C2W|1|B|U|135"
"1C2W|1|B|C|145","cWW","1C2W|1|B|G|134"
"1C2W|1|B|A|146","cWW","1C2W|1|B|U|133"
"1C2W|1|B|C|147","cWW","1C2W|1|B|G|132"
"1C2W|1|B|U|148","cWW","1C2W|1|B|A|131"
"1C2W|1|B|U|150","cWW","1C2W|1|B|A|176"
"1C2W|1|B|C|151","cWW","1C2W|1|B|G|175"
"1C2W|1|B|A|152","cWW","1C2W|1|B|U|174"
"1C2W|1|B|U|153","cWW","1C2W|1|B|A|173"
"1C2W|1|B|U|154","cWW","1C2W|1|B|A|172"
"1C2W|1|B|A|155","cWW","1C2W|1|B|U|171"
"1C2W|1|B|A|156","cWW","1C2W|1|B|U|170"
"1C2W|1|B|C|157","cWW","1C2W|1|B|G|169"
"1C2W|1|B|U|158","cWW","1C2W|1|B|A|167"
"1C2W|1|B|G|159","cWW","1C2W|1|B|U|166"
"1C2W|1|B|A|160","ntSH","1C2W|1|B|C|164"
"1C2W|1|B|A|160","ntSH","1C2W|1|B|C|163"
"1C2W|1|B|C|163","ntHS","1C2W|1|B|A|160"
"1C2W|1|B|C|164","ntHS","1C2W|1|B|A|160"
"1C2W|1|B|U|166","cWW","1C2W|1|B|G|159"
"1C2W|1|B|A|167","cWW","1C2W|1|B|U|158"
"1C2W|1|B|G|169","cWW","1C2W|1|B|C|157"
"1C2W|1|B|U|170","cWW","1C2W|1|B|A|156"
"1C2W|1|B|U|171","cWW","1C2W|1|B|A|155"
"1C2W|1|B|A|172","cWW","1C2W|1|B|U|154"
"1C2W|1|B|A|173","cWW","1C2W|1|B|U|153"
"1C2W|1|B|U|174","cWW","1C2W|1|B|A|152"
"1C2W|1|B|G|175","cWW","1C2W|1|B|C|151"
"1C2W|1|B|A|176","cWW","1C2W|1|B|U|150"
"1C2W|1|B|A|182","ntSW","1C2W|1|B|C|208"
"1C2W|1|B|C|184","cWW","1C2W|1|B|G|212"
"1C2W|1|B|G|185","ntSH","1C2W|1|B|A|218"
"1C2W|1|B|G|185","ntSH","1C2W|1|B|U|243"
"1C2W|1|B|G|185","cWW","1C2W|1|B|C|211"
"1C2W|1|B|G|186","cWW","1C2W|1|B|C|210"
"1C2W|1|B|G|187","cWW","1C2W|1|B|C|209"
"1C2W|1|B|G|188","cWW","1C2W|1|B|C|208"
"1C2W|1|B|A|191","cWW","1C2W|1|B|U|206"
"1C2W|1|B|C|192","cWW","1C2W|1|B|G|205"
"1C2W|1|B|U|193","cWW","1C2W|1|B|A|204"
"1C2W|1|B|G|194","cWW","1C2W|1|B|C|201"
"1C2W|1|B|A|195","cWW","1C2W|1|B|U|200"
"1C2W|1|B|U|200","cWW","1C2W|1|B|A|195"
"1C2W|1|B|C|201","cWW","1C2W|1|B|G|194"
"1C2W|1|B|A|204","cWW","1C2W|1|B|U|193"
"1C2W|1|B|G|205","cWW","1C2W|1|B|C|192"
"1C2W|1|B|U|206","cWW","1C2W|1|B|A|191"
"1C2W|1|B|C|208","ntWS","1C2W|1|B|A|182"
"1C2W|1|B|C|208","cWW","1C2W|1|B|G|188"
"1C2W|1|B|C|209","cWW","1C2W|1|B|G|187"
"1C2W|1|B|C|210","cWW","1C2W|1|B|G|186"
"1C2W|1|B|C|210","ncSS","1C2W|1|B|A|217"
"1C2W|1|B|C|211","cWW","1C2W|1|B|G|185"
"1C2W|1|B|G|212","cWW","1C2W|1|B|C|184"
"1C2W|1|B|A|217","ncSS","1C2W|1|B|C|210"
"1C2W|1|B|A|218","ntHS","1C2W|1|B|G|185"
"1C2W|1|B|G|220","cHH","1C2W|1|B|G|258"
"1C2W|1|B|A|221","ncSS","1C2W|1|B|A|278"
"1C2W|1|B|U|224","ntSW","1C2W|1|B|U|431"
"1C2W|1|B|U|224","cWW","1C2W|1|B|A|231"
"1C2W|1|B|C|225","cWW","1C2W|1|B|G|230"
"1C2W|1|B|G|230","cWW","1C2W|1|B|C|225"
"1C2W|1|B|A|231","ncSW","1C2W|1|B|U|431"
"1C2W|1|B|A|231","cWW","1C2W|1|B|U|224"
"1C2W|1|B|U|234","cWW","1C2W|1|B|A|430"
"1C2W|1|B|U|235","cWW","1C2W|1|B|A|262"
"1C2W|1|B|C|236","cWW","1C2W|1|B|G|261"
"1C2W|1|B|C|237","cWW","1C2W|1|B|G|260"
"1C2W|1|B|C|238","cWW","1C2W|1|B|G|259"
"1C2W|1|B|C|239","cWW","1C2W|1|B|G|258"
"1C2W|1|B|U|243","ntHS","1C2W|1|B|G|185"
"1C2W|1|B|G|245","cWW","1C2W|1|B|C|253"
"1C2W|1|B|C|246","cWW","1C2W|1|B|G|252"
"1C2W|1|B|G|247","ncSH","1C2W|1|B|G|248"
"1C2W|1|B|G|248","ncHS","1C2W|1|B|G|247"
"1C2W|1|B|G|252","cWW","1C2W|1|B|C|246"
"1C2W|1|B|C|253","cWW","1C2W|1|B|G|245"
"1C2W|1|B|G|258","cHH","1C2W|1|B|G|220"
"1C2W|1|B|G|258","cWW","1C2W|1|B|C|239"
"1C2W|1|B|G|259","cWW","1C2W|1|B|C|238"
"1C2W|1|B|G|260","cWW","1C2W|1|B|C|237"
"1C2W|1|B|G|261","cWW","1C2W|1|B|C|236"
"1C2W|1|B|A|262","ncSS","1C2W|1|B|G|263"
"1C2W|1|B|A|262","cWW","1C2W|1|B|U|235"
"1C2W|1|B|G|263","ncSS","1C2W|1|B|A|262"
"1C2W|1|B|A|265","cWW","1C2W|1|B|U|427"
"1C2W|1|B|G|266","cWW","1C2W|1|B|C|426"
"1C2W|1|B|G|266","ncSH","1C2W|1|B|C|366"
"1C2W|1|B|C|267","cWW","1C2W|1|B|G|425"
"1C2W|1|B|C|268","cWW","1C2W|1|B|G|424"
"1C2W|1|B|C|269","ntHH","1C2W|1|B|A|362"
"1C2W|1|B|G|271","ncHH","1C2W|1|B|A|362"
"1C2W|1|B|G|271","cWW","1C2W|1|B|C|366"
"1C2W|1|B|A|272","cWW","1C2W|1|B|U|365"
"1C2W|1|B|G|273","cWW","1C2W|1|B|C|364"
"1C2W|1|B|C|274","ntWH","1C2W|1|B|A|428"
"1C2W|1|B|C|274","cWW","1C2W|1|B|G|363"
"1C2W|1|B|A|278","ncSS","1C2W|1|B|A|221"
"1C2W|1|B|C|281","cWW","1C2W|1|B|G|359"
"1C2W|1|B|A|282","cWW","1C2W|1|B|U|358"
"1C2W|1|B|G|283","cWW","1C2W|1|B|C|357"
"1C2W|1|B|U|284","cWW","1C2W|1|B|G|356"
"1C2W|1|B|G|285","cWW","1C2W|1|B|U|355"
"1C2W|1|B|U|286","cWW","1C2W|1|B|A|354"
"1C2W|1|B|G|287","cWW","1C2W|1|B|C|353"
"1C2W|1|B|U|288","cWW","1C2W|1|B|A|352"
"1C2W|1|B|G|289","cWW","1C2W|1|B|C|351"
"1C2W|1|B|U|290","cWW","1C2W|1|B|G|350"
"1C2W|1|B|G|291","cWW","1C2W|1|B|U|349"
"1C2W|1|B|U|292","cWW","1C2W|1|B|A|348"
"1C2W|1|B|U|293","cWW","1C2W|1|B|A|347"
"1C2W|1|B|G|295","cWW","1C2W|1|B|C|343"
"1C2W|1|B|U|296","cWW","1C2W|1|B|A|342"
"1C2W|1|B|G|297","cWW","1C2W|1|B|C|341"
"1C2W|1|B|G|301","cWW","1C2W|1|B|C|316"
"1C2W|1|B|C|302","cWW","1C2W|1|B|G|315"
"1C2W|1|B|G|303","cWW","1C2W|1|B|C|314"
"1C2W|1|B|U|304","cWW","1C2W|1|B|G|313"
"1C2W|1|B|C|305","cWW","1C2W|1|B|G|312"
"1C2W|1|B|U|306","cWW","1C2W|1|B|A|311"
"1C2W|1|B|U|306","ntWH","1C2W|1|B|A|310"
"1C2W|1|B|G|307","cSH","1C2W|1|B|G|308"
"1C2W|1|B|G|308","cHS","1C2W|1|B|G|307"
"1C2W|1|B|A|310","ntHW","1C2W|1|B|U|306"
"1C2W|1|B|A|311","cWW","1C2W|1|B|U|306"
"1C2W|1|B|G|312","cWW","1C2W|1|B|C|305"
"1C2W|1|B|G|313","cWW","1C2W|1|B|U|304"
"1C2W|1|B|C|314","cWW","1C2W|1|B|G|303"
"1C2W|1|B|G|315","cWW","1C2W|1|B|C|302"
"1C2W|1|B|C|316","cWW","1C2W|1|B|G|301"
"1C2W|1|B|G|317","cWW","1C2W|1|B|C|334"
"1C2W|1|B|C|318","cWW","1C2W|1|B|G|333"
"1C2W|1|B|G|319","cWW","1C2W|1|B|C|323"
"1C2W|1|B|C|323","cWW","1C2W|1|B|G|319"
"1C2W|1|B|G|325","ncHH","1C2W|1|B|A|330"
"1C2W|1|B|G|325","cWW","1C2W|1|B|C|337"
"1C2W|1|B|G|326","cWW","1C2W|1|B|C|336"
"1C2W|1|B|G|327","cWW","1C2W|1|B|C|335"
"1C2W|1|B|G|329","ntSW","1C2W|1|B|C|336"
"1C2W|1|B|A|330","ncHH","1C2W|1|B|G|325"
"1C2W|1|B|A|330","ntHH","1C2W|1|B|C|337"
"1C2W|1|B|G|333","cWW","1C2W|1|B|C|318"
"1C2W|1|B|C|334","cWW","1C2W|1|B|G|317"
"1C2W|1|B|C|335","cWW","1C2W|1|B|G|327"
"1C2W|1|B|C|336","ntWS","1C2W|1|B|G|329"
"1C2W|1|B|C|336","cWW","1C2W|1|B|G|326"
"1C2W|1|B|C|337","ntHH","1C2W|1|B|A|330"
"1C2W|1|B|C|337","cWW","1C2W|1|B|G|325"
"1C2W|1|B|C|341","cWW","1C2W|1|B|G|297"
"1C2W|1|B|A|342","cWW","1C2W|1|B|U|296"
"1C2W|1|B|C|343","cWW","1C2W|1|B|G|295"
"1C2W|1|B|A|347","cWW","1C2W|1|B|U|293"
"1C2W|1|B|A|348","cWW","1C2W|1|B|U|292"
"1C2W|1|B|U|349","cWW","1C2W|1|B|G|291"
"1C2W|1|B|G|350","cWW","1C2W|1|B|U|290"
"1C2W|1|B|C|351","cWW","1C2W|1|B|G|289"
"1C2W|1|B|A|352","cWW","1C2W|1|B|U|288"
"1C2W|1|B|C|353","cWW","1C2W|1|B|G|287"
"1C2W|1|B|A|354","cWW","1C2W|1|B|U|286"
"1C2W|1|B|U|355","cWW","1C2W|1|B|G|285"
"1C2W|1|B|G|356","cWW","1C2W|1|B|U|284"
"1C2W|1|B|C|357","cWW","1C2W|1|B|G|283"
"1C2W|1|B|U|358","cWW","1C2W|1|B|A|282"
"1C2W|1|B|G|359","cWW","1C2W|1|B|C|281"
"1C2W|1|B|A|362","ntHH","1C2W|1|B|C|269"
"1C2W|1|B|A|362","ncHH","1C2W|1|B|G|271"
"1C2W|1|B|G|363","cWW","1C2W|1|B|C|274"
"1C2W|1|B|C|364","cWW","1C2W|1|B|G|273"
"1C2W|1|B|U|365","cWW","1C2W|1|B|A|272"
"1C2W|1|B|C|366","cWW","1C2W|1|B|G|271"
"1C2W|1|B|C|366","ncHS","1C2W|1|B|G|266"
"1C2W|1|B|G|375","cWW","1C2W|1|B|U|399"
"1C2W|1|B|G|376","cWW","1C2W|1|B|C|398"
"1C2W|1|B|G|377","cWW","1C2W|1|B|U|397"
"1C2W|1|B|C|378","cWW","1C2W|1|B|G|396"
"1C2W|1|B|G|379","cWW","1C2W|1|B|U|395"
"1C2W|1|B|G|380","cWW","1C2W|1|B|C|394"
"1C2W|1|B|G|381","cWW","1C2W|1|B|C|393"
"1C2W|1|B|A|382","cWW","1C2W|1|B|U|392"
"1C2W|1|B|C|383","ncWH","1C2W|1|B|G|388"
"1C2W|1|B|C|383","ncWH","1C2W|1|B|U|387"
"1C2W|1|B|U|387","ncHW","1C2W|1|B|C|383"
"1C2W|1|B|G|388","ncHW","1C2W|1|B|C|383"
"1C2W|1|B|U|392","cWW","1C2W|1|B|A|382"
"1C2W|1|B|C|393","cWW","1C2W|1|B|G|381"
"1C2W|1|B|C|394","cWW","1C2W|1|B|G|380"
"1C2W|1|B|U|395","cWW","1C2W|1|B|G|379"
"1C2W|1|B|G|396","cWW","1C2W|1|B|C|378"
"1C2W|1|B|U|397","cWW","1C2W|1|B|G|377"
"1C2W|1|B|C|398","cWW","1C2W|1|B|G|376"
"1C2W|1|B|U|399","cWW","1C2W|1|B|G|375"
"1C2W|1|B|G|400","ntSH","1C2W|1|B|A|402"
"1C2W|1|B|A|402","ntHS","1C2W|1|B|G|400"
"1C2W|1|B|G|406","cWW","1C2W|1|B|C|421"
"1C2W|1|B|G|406","ntHH","1C2W|1|B|A|422"
"1C2W|1|B|G|407","cWW","1C2W|1|B|C|420"
"1C2W|1|B|G|408","cWW","1C2W|1|B|U|419"
"1C2W|1|B|G|409","cWW","1C2W|1|B|C|418"
"1C2W|1|B|G|410","cWW","1C2W|1|B|C|417"
"1C2W|1|B|G|411","ntHH","1C2W|1|B|A|415"
"1C2W|1|B|C|413","cWW","1C2W|1|B|G|2410"
"1C2W|1|B|C|414","cWW","1C2W|1|B|G|2409"
"1C2W|1|B|A|415","cWW","1C2W|1|B|U|2408"
"1C2W|1|B|A|415","ntHH","1C2W|1|B|G|411"
"1C2W|1|B|U|416","cWW","1C2W|1|B|A|2407"
"1C2W|1|B|C|417","cWW","1C2W|1|B|G|410"
"1C2W|1|B|C|418","cWW","1C2W|1|B|G|409"
"1C2W|1|B|U|419","cWW","1C2W|1|B|G|408"
"1C2W|1|B|C|420","cWW","1C2W|1|B|G|407"
"1C2W|1|B|C|421","cWW","1C2W|1|B|G|406"
"1C2W|1|B|A|422","ntHH","1C2W|1|B|G|406"
"1C2W|1|B|G|424","cWW","1C2W|1|B|C|268"
"1C2W|1|B|G|425","cWW","1C2W|1|B|C|267"
"1C2W|1|B|C|426","cWW","1C2W|1|B|G|266"
"1C2W|1|B|U|427","cWW","1C2W|1|B|A|265"
"1C2W|1|B|A|428","ntHW","1C2W|1|B|C|274"
"1C2W|1|B|A|430","cWW","1C2W|1|B|U|234"
"1C2W|1|B|U|431","ncWS","1C2W|1|B|A|231"
"1C2W|1|B|U|431","ntWS","1C2W|1|B|U|224"
"1C2W|1|B|C|433","cWW","1C2W|1|B|G|45"
"1C2W|1|B|U|434","ncSH","1C2W|1|B|C|436"
"1C2W|1|B|U|434","cWW","1C2W|1|B|A|44"
"1C2W|1|B|C|436","cWW","1C2W|1|B|G|43"
"1C2W|1|B|C|436","ncHS","1C2W|1|B|U|434"
"1C2W|1|B|U|437","cWW","1C2W|1|B|A|42"
"1C2W|1|B|G|438","cWW","1C2W|1|B|C|41"
"1C2W|1|B|A|439","cWW","1C2W|1|B|U|40"
"1C2W|1|B|C|440","cWW","1C2W|1|B|G|39"
"1C2W|1|B|U|441","cWW","1C2W|1|B|A|38"
"1C2W|1|B|G|442","cWW","1C2W|1|B|C|37"
"1C2W|1|B|C|444","cWW","1C2W|1|B|G|36"
"1C2W|1|B|C|445","cWW","1C2W|1|B|G|35"
"1C2W|1|B|C|461","cWW","1C2W|1|B|G|468"
"1C2W|1|B|C|462","cWW","1C2W|1|B|G|467"
"1C2W|1|B|G|465","ntSS","1C2W|1|B|A|479"
"1C2W|1|B|G|467","cWW","1C2W|1|B|C|462"
"1C2W|1|B|G|468","cWW","1C2W|1|B|C|461"
"1C2W|1|B|G|473","cWW","1C2W|1|B|C|32"
"1C2W|1|B|G|474","cWW","1C2W|1|B|C|31"
"1C2W|1|B|C|475","cWW","1C2W|1|B|G|30"
"1C2W|1|B|G|476","cWW","1C2W|1|B|U|29"
"1C2W|1|B|A|479","ntSS","1C2W|1|B|G|465"
"1C2W|1|B|C|484","cWW","1C2W|1|B|G|496"
"1C2W|1|B|C|485","cWW","1C2W|1|B|G|495"
"1C2W|1|B|C|486","cWW","1C2W|1|B|G|494"
"1C2W|1|B|C|487","cWW","1C2W|1|B|G|493"
"1C2W|1|B|G|488","ntSW","1C2W|1|B|C|510"
"1C2W|1|B|G|491","ncWH","1C2W|1|B|G|493"
"1C2W|1|B|G|493","ncHW","1C2W|1|B|G|491"
"1C2W|1|B|G|493","cWW","1C2W|1|B|C|487"
"1C2W|1|B|G|494","ncSH","1C2W|1|B|U|499"
"1C2W|1|B|G|494","cWW","1C2W|1|B|C|486"
"1C2W|1|B|G|495","cWW","1C2W|1|B|C|485"
"1C2W|1|B|G|495","ncSS","1C2W|1|B|A|501"
"1C2W|1|B|G|496","cWW","1C2W|1|B|C|484"
"1C2W|1|B|U|499","ncHS","1C2W|1|B|G|494"
"1C2W|1|B|A|501","ncSS","1C2W|1|B|G|495"
"1C2W|1|B|C|509","ncWH","1C2W|1|B|C|510"
"1C2W|1|B|C|510","ntWS","1C2W|1|B|G|488"
"1C2W|1|B|C|510","ncHW","1C2W|1|B|C|509"
"1C2W|1|B|G|512","ntHH","1C2W|1|B|C|517"
"1C2W|1|B|G|512","tHH","1C2W|1|B|C|516"
"1C2W|1|B|A|515","cWW","1C2W|1|B|U|25"
"1C2W|1|B|C|516","cWW","1C2W|1|B|G|24"
"1C2W|1|B|C|516","tHH","1C2W|1|B|G|512"
"1C2W|1|B|C|517","ntHH","1C2W|1|B|G|512"
"1C2W|1|B|C|517","cWW","1C2W|1|B|G|23"
"1C2W|1|B|G|518","cWW","1C2W|1|B|C|22"
"1C2W|1|B|U|519","cWW","1C2W|1|B|A|21"
"1C2W|1|B|G|520","cWW","1C2W|1|B|C|20"
"1C2W|1|B|U|521","cWW","1C2W|1|B|A|19"
"1C2W|1|B|A|522","cWW","1C2W|1|B|U|18"
"1C2W|1|B|C|523","cWW","1C2W|1|B|G|17"
"1C2W|1|B|G|524","cWW","1C2W|1|B|C|16"
"1C2W|1|B|G|524","ncHW","1C2W|1|B|A|586"
"1C2W|1|B|A|526","ncSS","1C2W|1|B|G|9"
"1C2W|1|B|G|533","cWW","1C2W|1|B|C|560"
"1C2W|1|B|U|534","cWW","1C2W|1|B|G|559"
"1C2W|1|B|G|535","cWW","1C2W|1|B|U|558"
"1C2W|1|B|G|536","cWW","1C2W|1|B|C|557"
"1C2W|1|B|G|539","cWW","1C2W|1|B|U|554"
"1C2W|1|B|C|540","cWW","1C2W|1|B|G|553"
"1C2W|1|B|A|541","cWW","1C2W|1|B|U|552"
"1C2W|1|B|C|542","cWW","1C2W|1|B|G|551"
"1C2W|1|B|G|543","cWW","1C2W|1|B|C|550"
"1C2W|1|B|C|544","cWW","1C2W|1|B|G|549"
"1C2W|1|B|U|545","cSH","1C2W|1|B|U|546"
"1C2W|1|B|U|546","cHS","1C2W|1|B|U|545"
"1C2W|1|B|G|549","cWW","1C2W|1|B|C|544"
"1C2W|1|B|C|550","cWW","1C2W|1|B|G|543"
"1C2W|1|B|G|551","cWW","1C2W|1|B|C|542"
"1C2W|1|B|U|552","cWW","1C2W|1|B|A|541"
"1C2W|1|B|G|553","cWW","1C2W|1|B|C|540"
"1C2W|1|B|U|554","cWW","1C2W|1|B|G|539"
"1C2W|1|B|C|557","cWW","1C2W|1|B|G|536"
"1C2W|1|B|U|558","cWW","1C2W|1|B|G|535"
"1C2W|1|B|G|559","cWW","1C2W|1|B|U|534"
"1C2W|1|B|C|560","cWW","1C2W|1|B|G|533"
"1C2W|1|B|G|570","ntHH","1C2W|1|B|C|2045"
"1C2W|1|B|U|571","ntHH","1C2W|1|B|C|2047"
"1C2W|1|B|G|577","ncHS","1C2W|1|B|G|579"
"1C2W|1|B|G|579","cWW","1C2W|1|B|C|1261"
"1C2W|1|B|G|579","ncSH","1C2W|1|B|G|577"
"1C2W|1|B|U|580","cWW","1C2W|1|B|A|1260"
"1C2W|1|B|C|581","cWW","1C2W|1|B|G|1259"
"1C2W|1|B|A|582","cWW","1C2W|1|B|U|1258"
"1C2W|1|B|G|583","cWW","1C2W|1|B|C|1257"
"1C2W|1|B|C|584","cWW","1C2W|1|B|G|1256"
"1C2W|1|B|C|584","ncHS","1C2W|1|B|A|13"
"1C2W|1|B|A|586","ncWW","1C2W|1|B|U|810"
"1C2W|1|B|A|586","ncWH","1C2W|1|B|G|524"
"1C2W|1|B|U|589","cWW","1C2W|1|B|A|668"
"1C2W|1|B|A|590","cWW","1C2W|1|B|U|667"
"1C2W|1|B|U|591","cWW","1C2W|1|B|A|666"
"1C2W|1|B|A|592","cWW","1C2W|1|B|U|665"
"1C2W|1|B|U|593","cWW","1C2W|1|B|G|664"
"1C2W|1|B|U|594","cWW","1C2W|1|B|G|663"
"1C2W|1|B|C|595","cWW","1C2W|1|B|G|662"
"1C2W|1|B|U|596","cWW","1C2W|1|B|A|661"
"1C2W|1|B|G|597","cWW","1C2W|1|B|C|660"
"1C2W|1|B|U|598","cWW","1C2W|1|B|G|659"
"1C2W|1|B|A|599","cWW","1C2W|1|B|U|658"
"1C2W|1|B|G|600","cWW","1C2W|1|B|U|657"
"1C2W|1|B|C|601","cWW","1C2W|1|B|G|656"
"1C2W|1|B|G|604","cWW","1C2W|1|B|C|624"
"1C2W|1|B|G|605","cWW","1C2W|1|B|C|623"
"1C2W|1|B|U|606","cWW","1C2W|1|B|G|622"
"1C2W|1|B|U|607","cWW","1C2W|1|B|A|621"
"1C2W|1|B|C|610","cWW","1C2W|1|B|G|618"
"1C2W|1|B|C|611","cWW","1C2W|1|B|G|617"
"1C2W|1|B|G|617","cWW","1C2W|1|B|C|611"
"1C2W|1|B|G|618","cWW","1C2W|1|B|C|610"
"1C2W|1|B|A|621","cWW","1C2W|1|B|U|607"
"1C2W|1|B|G|622","cWW","1C2W|1|B|U|606"
"1C2W|1|B|C|623","cWW","1C2W|1|B|G|605"
"1C2W|1|B|C|624","cWW","1C2W|1|B|G|604"
"1C2W|1|B|G|628","cWW","1C2W|1|B|C|635"
"1C2W|1|B|G|629","cWW","1C2W|1|B|C|634"
"1C2W|1|B|C|634","cWW","1C2W|1|B|G|629"
"1C2W|1|B|C|635","cWW","1C2W|1|B|G|628"
"1C2W|1|B|G|638","cWW","1C2W|1|B|C|650"
"1C2W|1|B|U|639","cWW","1C2W|1|B|G|649"
"1C2W|1|B|C|640","cWW","1C2W|1|B|G|648"
"1C2W|1|B|U|641","cWW","1C2W|1|B|G|647"
"1C2W|1|B|C|645","ncWS","1C2W|1|B|G|647"
"1C2W|1|B|G|647","cWW","1C2W|1|B|U|641"
"1C2W|1|B|G|647","ncSW","1C2W|1|B|C|645"
"1C2W|1|B|G|648","cWW","1C2W|1|B|C|640"
"1C2W|1|B|G|649","cWW","1C2W|1|B|U|639"
"1C2W|1|B|C|650","cWW","1C2W|1|B|G|638"
"1C2W|1|B|G|656","cWW","1C2W|1|B|C|601"
"1C2W|1|B|U|657","cWW","1C2W|1|B|G|600"
"1C2W|1|B|U|658","cWW","1C2W|1|B|A|599"
"1C2W|1|B|G|659","cWW","1C2W|1|B|U|598"
"1C2W|1|B|C|660","cWW","1C2W|1|B|G|597"
"1C2W|1|B|A|661","cWW","1C2W|1|B|U|596"
"1C2W|1|B|G|662","cWW","1C2W|1|B|C|595"
"1C2W|1|B|G|663","cWW","1C2W|1|B|U|594"
"1C2W|1|B|G|664","cWW","1C2W|1|B|U|593"
"1C2W|1|B|U|665","cWW","1C2W|1|B|A|592"
"1C2W|1|B|A|666","cWW","1C2W|1|B|U|591"
"1C2W|1|B|U|667","cWW","1C2W|1|B|A|590"
"1C2W|1|B|A|668","cWW","1C2W|1|B|U|589"
"1C2W|1|B|G|669","ntWW","1C2W|1|B|G|1248"
"1C2W|1|B|C|671","cWW","1C2W|1|B|G|809"
"1C2W|1|B|C|672","cWW","1C2W|1|B|G|808"
"1C2W|1|B|C|678","cWW","1C2W|1|B|G|799"
"1C2W|1|B|C|679","cWW","1C2W|1|B|G|798"
"1C2W|1|B|C|680","cWW","1C2W|1|B|G|797"
"1C2W|1|B|G|681","cWW","1C2W|1|B|C|796"
"1C2W|1|B|G|682","cWW","1C2W|1|B|C|795"
"1C2W|1|B|G|682","ncHH","1C2W|1|B|A|792"
"1C2W|1|B|U|683","cWW","1C2W|1|B|A|794"
"1C2W|1|B|C|687","cWW","1C2W|1|B|G|775"
"1C2W|1|B|U|688","cWW","1C2W|1|B|G|774"
"1C2W|1|B|A|689","cWW","1C2W|1|B|U|773"
"1C2W|1|B|G|690","cWW","1C2W|1|B|C|772"
"1C2W|1|B|C|691","cWW","1C2W|1|B|G|771"
"1C2W|1|B|C|692","cWW","1C2W|1|B|G|770"
"1C2W|1|B|A|693","cWW","1C2W|1|B|U|769"
"1C2W|1|B|U|694","cWW","1C2W|1|B|G|768"
"1C2W|1|B|G|695","cWW","1C2W|1|B|U|767"
"1C2W|1|B|G|696","cWW","1C2W|1|B|U|766"
"1C2W|1|B|G|697","cWW","1C2W|1|B|C|765"
"1C2W|1|B|C|698","cWW","1C2W|1|B|G|763"
"1C2W|1|B|G|700","cWW","1C2W|1|B|C|732"
"1C2W|1|B|G|701","cWW","1C2W|1|B|C|731"
"1C2W|1|B|U|702","cWW","1C2W|1|B|A|730"
"1C2W|1|B|U|703","cWW","1C2W|1|B|G|729"
"1C2W|1|B|U|703","ntSS","1C2W|1|B|G|726"
"1C2W|1|B|G|707","cWW","1C2W|1|B|U|724"
"1C2W|1|B|G|708","cWW","1C2W|1|B|C|723"
"1C2W|1|B|U|709","cWW","1C2W|1|B|A|722"
"1C2W|1|B|U|710","cWW","1C2W|1|B|A|721"
"1C2W|1|B|G|711","cWW","1C2W|1|B|U|720"
"1C2W|1|B|G|712","cWW","1C2W|1|B|C|719"
"1C2W|1|B|G|713","ntSH","1C2W|1|B|A|718"
"1C2W|1|B|A|718","ntHS","1C2W|1|B|G|713"
"1C2W|1|B|C|719","cWW","1C2W|1|B|G|712"
"1C2W|1|B|U|720","cWW","1C2W|1|B|G|711"
"1C2W|1|B|A|721","cWW","1C2W|1|B|U|710"
"1C2W|1|B|A|722","cWW","1C2W|1|B|U|709"
"1C2W|1|B|C|723","cWW","1C2W|1|B|G|708"
"1C2W|1|B|U|724","cWW","1C2W|1|B|G|707"
"1C2W|1|B|G|726","ntSS","1C2W|1|B|U|703"
"1C2W|1|B|G|729","cWW","1C2W|1|B|U|703"
"1C2W|1|B|A|730","cWW","1C2W|1|B|U|702"
"1C2W|1|B|C|731","cWW","1C2W|1|B|G|701"
"1C2W|1|B|C|732","cWW","1C2W|1|B|G|700"
"1C2W|1|B|C|736","cWW","1C2W|1|B|G|760"
"1C2W|1|B|C|737","cWW","1C2W|1|B|G|759"
"1C2W|1|B|G|738","cWW","1C2W|1|B|C|758"
"1C2W|1|B|A|739","ncSS","1C2W|1|B|G|1620"
"1C2W|1|B|C|740","cWW","1C2W|1|B|G|757"
"1C2W|1|B|U|741","cWW","1C2W|1|B|A|756"
"1C2W|1|B|A|742","cWW","1C2W|1|B|U|755"
"1C2W|1|B|A|743","cWW","1C2W|1|B|U|754"
"1C2W|1|B|U|744","cWW","1C2W|1|B|A|753"
"1C2W|1|B|A|753","cWW","1C2W|1|B|U|744"
"1C2W|1|B|U|754","cWW","1C2W|1|B|A|743"
"1C2W|1|B|U|755","cWW","1C2W|1|B|A|742"
"1C2W|1|B|A|756","cWW","1C2W|1|B|U|741"
"1C2W|1|B|G|757","cWW","1C2W|1|B|C|740"
"1C2W|1|B|C|758","cWW","1C2W|1|B|G|738"
"1C2W|1|B|G|759","cWW","1C2W|1|B|C|737"
"1C2W|1|B|G|760","cWW","1C2W|1|B|C|736"
"1C2W|1|B|A|761","ncWW","1C2W|1|B|U|762"
"1C2W|1|B|U|762","ncWW","1C2W|1|B|A|761"
"1C2W|1|B|G|763","cWW","1C2W|1|B|C|698"
"1C2W|1|B|C|765","cWW","1C2W|1|B|G|697"
"1C2W|1|B|U|766","cWW","1C2W|1|B|G|696"
"1C2W|1|B|U|767","cWW","1C2W|1|B|G|695"
"1C2W|1|B|G|768","cWW","1C2W|1|B|U|694"
"1C2W|1|B|U|769","cWW","1C2W|1|B|A|693"
"1C2W|1|B|G|770","cWW","1C2W|1|B|C|692"
"1C2W|1|B|G|771","cWW","1C2W|1|B|C|691"
"1C2W|1|B|C|772","cWW","1C2W|1|B|G|690"
"1C2W|1|B|U|773","cWW","1C2W|1|B|A|689"
"1C2W|1|B|G|774","cWW","1C2W|1|B|U|688"
"1C2W|1|B|G|775","cWW","1C2W|1|B|C|687"
"1C2W|1|B|G|777","cWW","1C2W|1|B|C|787"
"1C2W|1|B|G|778","cWW","1C2W|1|B|C|786"
"1C2W|1|B|C|786","cWW","1C2W|1|B|G|778"
"1C2W|1|B|C|787","cWW","1C2W|1|B|G|777"
"1C2W|1|B|A|788","ncWH","1C2W|1|B|U|790"
"1C2W|1|B|U|790","ncHW","1C2W|1|B|A|788"
"1C2W|1|B|A|792","ncHH","1C2W|1|B|G|682"
"1C2W|1|B|A|792","ntHH","1C2W|1|B|C|795"
"1C2W|1|B|A|794","cWW","1C2W|1|B|U|683"
"1C2W|1|B|C|795","cWW","1C2W|1|B|G|682"
"1C2W|1|B|C|795","ntHH","1C2W|1|B|A|792"
"1C2W|1|B|C|796","cWW","1C2W|1|B|G|681"
"1C2W|1|B|G|797","cWW","1C2W|1|B|C|680"
"1C2W|1|B|G|798","cWW","1C2W|1|B|C|679"
"1C2W|1|B|G|799","cWW","1C2W|1|B|C|678"
"1C2W|1|B|G|808","cWW","1C2W|1|B|C|672"
"1C2W|1|B|G|809","cWW","1C2W|1|B|C|671"
"1C2W|1|B|U|810","ncWW","1C2W|1|B|A|586"
"1C2W|1|B|C|812","cWW","1C2W|1|B|G|1195"
"1C2W|1|B|U|813","cWW","1C2W|1|B|A|1194"
"1C2W|1|B|C|814","cWW","1C2W|1|B|G|1193"
"1C2W|1|B|C|815","cWW","1C2W|1|B|G|1192"
"1C2W|1|B|C|816","cWW","1C2W|1|B|G|1191"
"1C2W|1|B|C|817","cWW","1C2W|1|B|G|1190"
"1C2W|1|B|G|822","cWW","1C2W|1|B|C|835"
"1C2W|1|B|C|823","cWW","1C2W|1|B|G|834"
"1C2W|1|B|U|824","cWW","1C2W|1|B|A|833"
"1C2W|1|B|A|825","cWW","1C2W|1|B|U|832"
"1C2W|1|B|U|826","cWW","1C2W|1|B|G|831"
"1C2W|1|B|U|827","ncSH","1C2W|1|B|U|828"
"1C2W|1|B|U|828","ncHS","1C2W|1|B|U|827"
"1C2W|1|B|G|831","cWW","1C2W|1|B|U|826"
"1C2W|1|B|U|832","cWW","1C2W|1|B|A|825"
"1C2W|1|B|A|833","cWW","1C2W|1|B|U|824"
"1C2W|1|B|G|834","cWW","1C2W|1|B|C|823"
"1C2W|1|B|C|835","cWW","1C2W|1|B|G|822"
"1C2W|1|B|C|838","cWW","1C2W|1|B|G|940"
"1C2W|1|B|U|839","cWW","1C2W|1|B|G|939"
"1C2W|1|B|C|840","cWW","1C2W|1|B|G|938"
"1C2W|1|B|G|841","cWW","1C2W|1|B|C|937"
"1C2W|1|B|U|842","cWW","1C2W|1|B|A|936"
"1C2W|1|B|G|843","cWW","1C2W|1|B|C|935"
"1C2W|1|B|A|844","cWW","1C2W|1|B|U|934"
"1C2W|1|B|A|845","ncHH","1C2W|1|B|G|930"
"1C2W|1|B|A|845","ntHH","1C2W|1|B|A|849"
"1C2W|1|B|C|848","cWW","1C2W|1|B|G|930"
"1C2W|1|B|A|849","cWW","1C2W|1|B|U|929"
"1C2W|1|B|A|849","ntHH","1C2W|1|B|A|845"
"1C2W|1|B|U|850","cWW","1C2W|1|B|A|928"
"1C2W|1|B|C|851","cWW","1C2W|1|B|G|926"
"1C2W|1|B|U|852","cWW","1C2W|1|B|A|925"
"1C2W|1|B|C|853","cWW","1C2W|1|B|G|924"
"1C2W|1|B|C|854","cWW","1C2W|1|B|G|923"
"1C2W|1|B|G|855","cWW","1C2W|1|B|C|922"
"1C2W|1|B|G|856","cWW","1C2W|1|B|C|921"
"1C2W|1|B|G|858","cWW","1C2W|1|B|U|919"
"1C2W|1|B|U|860","cWW","1C2W|1|B|A|917"
"1C2W|1|B|A|861","ncSH","1C2W|1|B|G|862"
"1C2W|1|B|G|862","cWW","1C2W|1|B|C|915"
"1C2W|1|B|G|862","ncHS","1C2W|1|B|A|861"
"1C2W|1|B|C|867","ncSS","1C2W|1|B|G|916"
"1C2W|1|B|U|868","cWW","1C2W|1|B|A|909"
"1C2W|1|B|G|869","cWW","1C2W|1|B|C|908"
"1C2W|1|B|U|870","cWW","1C2W|1|B|G|907"
"1C2W|1|B|U|872","cWW","1C2W|1|B|A|905"
"1C2W|1|B|C|873","cWW","1C2W|1|B|G|904"
"1C2W|1|B|G|874","cWW","1C2W|1|B|C|903"
"1C2W|1|B|G|875","cWW","1C2W|1|B|C|902"
"1C2W|1|B|G|879","cWW","1C2W|1|B|C|898"
"1C2W|1|B|G|880","cWW","1C2W|1|B|C|897"
"1C2W|1|B|G|881","cWW","1C2W|1|B|U|895"
"1C2W|1|B|G|881","ntSS","1C2W|1|B|A|896"
"1C2W|1|B|G|882","cWW","1C2W|1|B|U|894"
"1C2W|1|B|G|883","cWW","1C2W|1|B|C|893"
"1C2W|1|B|U|884","cWW","1C2W|1|B|A|892"
"1C2W|1|B|C|885","cWW","1C2W|1|B|G|891"
"1C2W|1|B|G|891","cWW","1C2W|1|B|C|885"
"1C2W|1|B|A|892","cWW","1C2W|1|B|U|884"
"1C2W|1|B|C|893","cWW","1C2W|1|B|G|883"
"1C2W|1|B|U|894","cWW","1C2W|1|B|G|882"
"1C2W|1|B|U|895","cWW","1C2W|1|B|G|881"
"1C2W|1|B|A|896","ntSS","1C2W|1|B|G|881"
"1C2W|1|B|C|897","cWW","1C2W|1|B|G|880"
"1C2W|1|B|C|898","cWW","1C2W|1|B|G|879"
"1C2W|1|B|C|902","cWW","1C2W|1|B|G|875"
"1C2W|1|B|C|903","cWW","1C2W|1|B|G|874"
"1C2W|1|B|G|904","cWW","1C2W|1|B|C|873"
"1C2W|1|B|A|905","cWW","1C2W|1|B|U|872"
"1C2W|1|B|G|907","cWW","1C2W|1|B|U|870"
"1C2W|1|B|C|908","cWW","1C2W|1|B|G|869"
"1C2W|1|B|A|909","cWW","1C2W|1|B|U|868"
"1C2W|1|B|C|915","cWW","1C2W|1|B|G|862"
"1C2W|1|B|G|916","ncSS","1C2W|1|B|C|867"
"1C2W|1|B|A|917","cWW","1C2W|1|B|U|860"
"1C2W|1|B|U|919","cWW","1C2W|1|B|G|858"
"1C2W|1|B|C|921","cWW","1C2W|1|B|G|856"
"1C2W|1|B|C|922","cWW","1C2W|1|B|G|855"
"1C2W|1|B|G|923","cWW","1C2W|1|B|C|854"
"1C2W|1|B|G|924","cWW","1C2W|1|B|C|853"
"1C2W|1|B|A|925","cWW","1C2W|1|B|U|852"
"1C2W|1|B|G|926","cWW","1C2W|1|B|C|851"
"1C2W|1|B|A|928","cWW","1C2W|1|B|U|850"
"1C2W|1|B|U|929","cWW","1C2W|1|B|A|849"
"1C2W|1|B|G|930","cWW","1C2W|1|B|C|848"
"1C2W|1|B|G|930","ncHH","1C2W|1|B|A|845"
"1C2W|1|B|U|934","cWW","1C2W|1|B|A|844"
"1C2W|1|B|C|935","cWW","1C2W|1|B|G|843"
"1C2W|1|B|A|936","cWW","1C2W|1|B|U|842"
"1C2W|1|B|C|937","cWW","1C2W|1|B|G|841"
"1C2W|1|B|G|938","cWW","1C2W|1|B|C|840"
"1C2W|1|B|G|939","cWW","1C2W|1|B|U|839"
"1C2W|1|B|G|940","cWW","1C2W|1|B|C|838"
"1C2W|1|B|A|943","ncHS","1C2W|1|B|C|946"
"1C2W|1|B|C|946","cWW","1C2W|1|B|G|971"
"1C2W|1|B|C|946","ncSH","1C2W|1|B|A|943"
"1C2W|1|B|A|947","cWW","1C2W|1|B|U|970"
"1C2W|1|B|A|947","ntSW","1C2W|1|B|A|972"
"1C2W|1|B|C|948","cWW","1C2W|1|B|G|969"
"1C2W|1|B|G|949","cWW","1C2W|1|B|C|968"
"1C2W|1|B|G|950","cWW","1C2W|1|B|U|967"
"1C2W|1|B|C|951","cWW","1C2W|1|B|G|966"
"1C2W|1|B|G|952","cWW","1C2W|1|B|C|965"
"1C2W|1|B|G|953","cWW","1C2W|1|B|C|964"
"1C2W|1|B|G|954","cWW","1C2W|1|B|U|963"
"1C2W|1|B|U|955","cWW","1C2W|1|B|G|962"
"1C2W|1|B|C|957","ntHH","1C2W|1|B|A|960"
"1C2W|1|B|A|960","ntHH","1C2W|1|B|C|957"
"1C2W|1|B|G|962","cWW","1C2W|1|B|U|955"
"1C2W|1|B|U|963","cWW","1C2W|1|B|G|954"
"1C2W|1|B|C|964","cWW","1C2W|1|B|G|953"
"1C2W|1|B|C|965","cWW","1C2W|1|B|G|952"
"1C2W|1|B|G|966","cWW","1C2W|1|B|C|951"
"1C2W|1|B|U|967","cWW","1C2W|1|B|G|950"
"1C2W|1|B|C|968","cWW","1C2W|1|B|G|949"
"1C2W|1|B|G|969","cWW","1C2W|1|B|C|948"
"1C2W|1|B|U|970","cWW","1C2W|1|B|A|947"
"1C2W|1|B|G|971","cWW","1C2W|1|B|C|946"
"1C2W|1|B|A|972","ntWS","1C2W|1|B|A|947"
"1C2W|1|B|G|976","cWW","1C2W|1|B|C|987"
"1C2W|1|B|G|977","cWW","1C2W|1|B|C|986"
"1C2W|1|B|G|978","cWW","1C2W|1|B|C|985"
"1C2W|1|B|A|979","ntSH","1C2W|1|B|A|984"
"1C2W|1|B|A|984","ntHS","1C2W|1|B|A|979"
"1C2W|1|B|C|985","cWW","1C2W|1|B|G|978"
"1C2W|1|B|C|986","cWW","1C2W|1|B|G|977"
"1C2W|1|B|C|987","cWW","1C2W|1|B|G|976"
"1C2W|1|B|A|990","ntWH","1C2W|1|B|G|993"
"1C2W|1|B|C|991","cWW","1C2W|1|B|G|1163"
"1C2W|1|B|C|992","cWW","1C2W|1|B|G|1162"
"1C2W|1|B|G|993","cWW","1C2W|1|B|C|1161"
"1C2W|1|B|G|993","ntHW","1C2W|1|B|A|990"
"1C2W|1|B|C|994","cWW","1C2W|1|B|G|1160"
"1C2W|1|B|A|996","cWW","1C2W|1|B|U|1159"
"1C2W|1|B|G|997","cWW","1C2W|1|B|C|1158"
"1C2W|1|B|C|998","cWW","1C2W|1|B|G|1157"
"1C2W|1|B|U|999","cWW","1C2W|1|B|A|1156"
"1C2W|1|B|G|1002","cWW","1C2W|1|B|C|1153"
"1C2W|1|B|G|1002","ntSS","1C2W|1|B|A|1008"
"1C2W|1|B|G|1003","cWW","1C2W|1|B|C|1152"
"1C2W|1|B|U|1004","cWW","1C2W|1|B|A|1151"
"1C2W|1|B|C|1005","cWW","1C2W|1|B|G|1138"
"1C2W|1|B|C|1006","cWW","1C2W|1|B|G|1137"
"1C2W|1|B|A|1008","cSS","1C2W|1|B|C|1152"
"1C2W|1|B|A|1008","ntSS","1C2W|1|B|G|1002"
"1C2W|1|B|G|1011","cWW","1C2W|1|B|C|1150"
"1C2W|1|B|C|1013","cWW","1C2W|1|B|G|1149"
"1C2W|1|B|A|1014","cWW","1C2W|1|B|U|1148"
"1C2W|1|B|U|1015","cWW","1C2W|1|B|A|1147"
"1C2W|1|B|G|1016","cWW","1C2W|1|B|C|1146"
"1C2W|1|B|G|1017","cWW","1C2W|1|B|C|1145"
"1C2W|1|B|U|1018","cWW","1C2W|1|B|A|1144"
"1C2W|1|B|U|1019","cWW","1C2W|1|B|A|1143"
"1C2W|1|B|A|1020","ntHW","1C2W|1|B|C|2752"
"1C2W|1|B|C|1030","cWW","1C2W|1|B|G|1124"
"1C2W|1|B|G|1031","cWW","1C2W|1|B|C|1123"
"1C2W|1|B|A|1032","ncSH","1C2W|1|B|G|1034"
"1C2W|1|B|G|1034","ncHS","1C2W|1|B|A|1032"
"1C2W|1|B|G|1034","cWW","1C2W|1|B|C|1121"
"1C2W|1|B|U|1035","cWW","1C2W|1|B|G|1120"
"1C2W|1|B|G|1036","cWW","1C2W|1|B|U|1119"
"1C2W|1|B|G|1037","cWW","1C2W|1|B|C|1118"
"1C2W|1|B|G|1038","cWW","1C2W|1|B|C|1117"
"1C2W|1|B|G|1041","cWW","1C2W|1|B|C|1114"
"1C2W|1|B|G|1042","cWW","1C2W|1|B|U|1113"
"1C2W|1|B|C|1043","cWW","1C2W|1|B|G|1112"
"1C2W|1|B|G|1051","cWW","1C2W|1|B|U|1108"
"1C2W|1|B|C|1052","cWW","1C2W|1|B|G|1107"
"1C2W|1|B|C|1053","cWW","1C2W|1|B|G|1106"
"1C2W|1|B|A|1054","cWW","1C2W|1|B|U|1105"
"1C2W|1|B|G|1055","cWW","1C2W|1|B|C|1104"
"1C2W|1|B|G|1055","tSS","1C2W|1|B|A|1085"
"1C2W|1|B|G|1056","tSH","1C2W|1|B|A|1103"
"1C2W|1|B|A|1057","cWW","1C2W|1|B|U|1081"
"1C2W|1|B|U|1058","cWW","1C2W|1|B|A|1080"
"1C2W|1|B|G|1059","cWW","1C2W|1|B|C|1079"
"1C2W|1|B|U|1060","cWH","1C2W|1|B|A|1088"
"1C2W|1|B|G|1062","cWW","1C2W|1|B|C|1076"
"1C2W|1|B|G|1063","cWW","1C2W|1|B|C|1075"
"1C2W|1|B|C|1064","cWW","1C2W|1|B|G|1074"
"1C2W|1|B|U|1065","ntSH","1C2W|1|B|A|1073"
"1C2W|1|B|U|1066","ntSH","1C2W|1|B|A|1069"
"1C2W|1|B|A|1069","ntHS","1C2W|1|B|U|1066"
"1C2W|1|B|G|1071","cWH","1C2W|1|B|G|1091"
"1C2W|1|B|C|1072","ntWH","1C2W|1|B|G|1099"
"1C2W|1|B|C|1072","cWH","1C2W|1|B|C|1092"
"1C2W|1|B|A|1073","ntHS","1C2W|1|B|U|1065"
"1C2W|1|B|G|1074","cWW","1C2W|1|B|C|1064"
"1C2W|1|B|C|1075","cWW","1C2W|1|B|G|1063"
"1C2W|1|B|C|1076","cWW","1C2W|1|B|G|1062"
"1C2W|1|B|C|1079","cWW","1C2W|1|B|G|1059"
"1C2W|1|B|A|1080","cWW","1C2W|1|B|U|1058"
"1C2W|1|B|U|1081","cWW","1C2W|1|B|A|1057"
"1C2W|1|B|U|1082","tWW","1C2W|1|B|A|1086"
"1C2W|1|B|U|1083","ntSH","1C2W|1|B|A|1085"
"1C2W|1|B|A|1084","cSS","1C2W|1|B|U|1105"
"1C2W|1|B|A|1085","cSS","1C2W|1|B|C|1104"
"1C2W|1|B|A|1085","ntHS","1C2W|1|B|U|1083"
"1C2W|1|B|A|1085","tSS","1C2W|1|B|G|1055"
"1C2W|1|B|A|1086","tWW","1C2W|1|B|U|1082"
"1C2W|1|B|G|1087","cWW","1C2W|1|B|C|1102"
"1C2W|1|B|A|1088","cHW","1C2W|1|B|U|1060"
"1C2W|1|B|A|1089","tSH","1C2W|1|B|U|1101"
"1C2W|1|B|A|1089","cSH","1C2W|1|B|A|1090"
"1C2W|1|B|A|1090","cWW","1C2W|1|B|U|1101"
"1C2W|1|B|A|1090","cHS","1C2W|1|B|A|1089"
"1C2W|1|B|G|1091","cWW","1C2W|1|B|C|1100"
"1C2W|1|B|G|1091","cHW","1C2W|1|B|G|1071"
"1C2W|1|B|C|1092","cWW","1C2W|1|B|G|1099"
"1C2W|1|B|C|1092","cHW","1C2W|1|B|C|1072"
"1C2W|1|B|G|1093","tSH","1C2W|1|B|A|1098"
"1C2W|1|B|A|1098","tHS","1C2W|1|B|G|1093"
"1C2W|1|B|G|1099","ntHW","1C2W|1|B|C|1072"
"1C2W|1|B|G|1099","cWW","1C2W|1|B|C|1092"
"1C2W|1|B|C|1100","cWW","1C2W|1|B|G|1091"
"1C2W|1|B|U|1101","tHS","1C2W|1|B|A|1089"
"1C2W|1|B|U|1101","cWW","1C2W|1|B|A|1090"
"1C2W|1|B|C|1102","cWW","1C2W|1|B|G|1087"
"1C2W|1|B|A|1103","tHS","1C2W|1|B|G|1056"
"1C2W|1|B|C|1104","cSS","1C2W|1|B|A|1085"
"1C2W|1|B|C|1104","cWW","1C2W|1|B|G|1055"
"1C2W|1|B|U|1105","cSS","1C2W|1|B|A|1084"
"1C2W|1|B|U|1105","cWW","1C2W|1|B|A|1054"
"1C2W|1|B|G|1106","cWW","1C2W|1|B|C|1053"
"1C2W|1|B|G|1107","cWW","1C2W|1|B|C|1052"
"1C2W|1|B|U|1108","cWW","1C2W|1|B|G|1051"
"1C2W|1|B|G|1112","cWW","1C2W|1|B|C|1043"
"1C2W|1|B|U|1113","cWW","1C2W|1|B|G|1042"
"1C2W|1|B|C|1114","cWW","1C2W|1|B|G|1041"
"1C2W|1|B|C|1117","cWW","1C2W|1|B|G|1038"
"1C2W|1|B|C|1118","cWW","1C2W|1|B|G|1037"
"1C2W|1|B|U|1119","cWW","1C2W|1|B|G|1036"
"1C2W|1|B|G|1120","cWW","1C2W|1|B|U|1035"
"1C2W|1|B|C|1121","cWW","1C2W|1|B|G|1034"
"1C2W|1|B|C|1123","cWW","1C2W|1|B|G|1031"
"1C2W|1|B|G|1124","cWW","1C2W|1|B|C|1030"
"1C2W|1|B|G|1124","ntHH","1C2W|1|B|A|1126"
"1C2W|1|B|A|1126","ntHH","1C2W|1|B|G|1124"
"1C2W|1|B|G|1131","ntHH","1C2W|1|B|A|1143"
"1C2W|1|B|U|1132","ntSH","1C2W|1|B|A|1144"
"1C2W|1|B|U|1132","ntSH","1C2W|1|B|C|1145"
"1C2W|1|B|A|1133","ncSS","1C2W|1|B|U|1141"
"1C2W|1|B|G|1137","cWW","1C2W|1|B|C|1006"
"1C2W|1|B|G|1138","cWW","1C2W|1|B|C|1005"
"1C2W|1|B|U|1141","ncSS","1C2W|1|B|A|1133"
"1C2W|1|B|A|1143","ntHH","1C2W|1|B|G|1131"
"1C2W|1|B|A|1143","cWW","1C2W|1|B|U|1019"
"1C2W|1|B|A|1144","ntHS","1C2W|1|B|U|1132"
"1C2W|1|B|A|1144","cWW","1C2W|1|B|U|1018"
"1C2W|1|B|C|1145","ntHS","1C2W|1|B|U|1132"
"1C2W|1|B|C|1145","cWW","1C2W|1|B|G|1017"
"1C2W|1|B|C|1146","cWW","1C2W|1|B|G|1016"
"1C2W|1|B|A|1147","cWW","1C2W|1|B|U|1015"
"1C2W|1|B|U|1148","cWW","1C2W|1|B|A|1014"
"1C2W|1|B|G|1149","cWW","1C2W|1|B|C|1013"
"1C2W|1|B|C|1150","cWW","1C2W|1|B|G|1011"
"1C2W|1|B|A|1151","cWW","1C2W|1|B|U|1004"
"1C2W|1|B|C|1152","cSS","1C2W|1|B|A|1008"
"1C2W|1|B|C|1152","cWW","1C2W|1|B|G|1003"
"1C2W|1|B|C|1153","cWW","1C2W|1|B|G|1002"
"1C2W|1|B|A|1156","cWW","1C2W|1|B|U|999"
"1C2W|1|B|G|1157","cWW","1C2W|1|B|C|998"
"1C2W|1|B|C|1158","cWW","1C2W|1|B|G|997"
"1C2W|1|B|U|1159","cWW","1C2W|1|B|A|996"
"1C2W|1|B|G|1160","cWW","1C2W|1|B|C|994"
"1C2W|1|B|C|1161","cWW","1C2W|1|B|G|993"
"1C2W|1|B|G|1162","cWW","1C2W|1|B|C|992"
"1C2W|1|B|G|1163","cWW","1C2W|1|B|C|991"
"1C2W|1|B|C|1164","cWW","1C2W|1|B|G|1185"
"1C2W|1|B|A|1165","cWW","1C2W|1|B|U|1184"
"1C2W|1|B|G|1166","cWW","1C2W|1|B|U|1183"
"1C2W|1|B|C|1167","cWW","1C2W|1|B|G|1182"
"1C2W|1|B|G|1168","cWW","1C2W|1|B|U|1181"
"1C2W|1|B|A|1169","cWW","1C2W|1|B|U|1180"
"1C2W|1|B|C|1170","cWW","1C2W|1|B|G|1179"
"1C2W|1|B|G|1171","cWW","1C2W|1|B|C|1178"
"1C2W|1|B|C|1172","cWW","1C2W|1|B|G|1177"
"1C2W|1|B|G|1177","cWW","1C2W|1|B|C|1172"
"1C2W|1|B|C|1178","cWW","1C2W|1|B|G|1171"
"1C2W|1|B|G|1179","cWW","1C2W|1|B|C|1170"
"1C2W|1|B|U|1180","cWW","1C2W|1|B|A|1169"
"1C2W|1|B|U|1181","cWW","1C2W|1|B|G|1168"
"1C2W|1|B|G|1182","cWW","1C2W|1|B|C|1167"
"1C2W|1|B|U|1183","cWW","1C2W|1|B|G|1166"
"1C2W|1|B|U|1184","cWW","1C2W|1|B|A|1165"
"1C2W|1|B|G|1185","cWW","1C2W|1|B|C|1164"
"1C2W|1|B|G|1190","cWW","1C2W|1|B|C|817"
"1C2W|1|B|G|1191","cWW","1C2W|1|B|C|816"
"1C2W|1|B|G|1192","cWW","1C2W|1|B|C|815"
"1C2W|1|B|G|1193","cWW","1C2W|1|B|C|814"
"1C2W|1|B|A|1194","cWW","1C2W|1|B|U|813"
"1C2W|1|B|G|1195","cWW","1C2W|1|B|C|812"
"1C2W|1|B|U|1198","cWW","1C2W|1|B|A|1247"
"1C2W|1|B|U|1199","cWW","1C2W|1|B|A|1246"
"1C2W|1|B|C|1200","cWW","1C2W|1|B|G|1245"
"1C2W|1|B|U|1201","cWW","1C2W|1|B|A|1244"
"1C2W|1|B|G|1202","cWW","1C2W|1|B|C|1243"
"1C2W|1|B|G|1206","cWW","1C2W|1|B|U|1240"
"1C2W|1|B|C|1207","cWW","1C2W|1|B|G|1239"
"1C2W|1|B|C|1208","cWW","1C2W|1|B|G|1238"
"1C2W|1|B|U|1209","cWW","1C2W|1|B|A|1237"
"1C2W|1|B|G|1215","cWW","1C2W|1|B|U|1234"
"1C2W|1|B|G|1216","cWW","1C2W|1|B|C|1233"
"1C2W|1|B|U|1217","cWW","1C2W|1|B|G|1232"
"1C2W|1|B|G|1218","cWW","1C2W|1|B|U|1231"
"1C2W|1|B|U|1219","cWW","1C2W|1|B|A|1230"
"1C2W|1|B|G|1220","cWW","1C2W|1|B|C|1229"
"1C2W|1|B|C|1221","cWW","1C2W|1|B|G|1228"
"1C2W|1|B|U|1222","cWW","1C2W|1|B|G|1227"
"1C2W|1|B|G|1227","cWW","1C2W|1|B|U|1222"
"1C2W|1|B|G|1228","cWW","1C2W|1|B|C|1221"
"1C2W|1|B|C|1229","cWW","1C2W|1|B|G|1220"
"1C2W|1|B|A|1230","cWW","1C2W|1|B|U|1219"
"1C2W|1|B|U|1231","cWW","1C2W|1|B|G|1218"
"1C2W|1|B|G|1232","cWW","1C2W|1|B|U|1217"
"1C2W|1|B|C|1233","cWW","1C2W|1|B|G|1216"
"1C2W|1|B|U|1234","cWW","1C2W|1|B|G|1215"
"1C2W|1|B|A|1237","cWW","1C2W|1|B|U|1209"
"1C2W|1|B|G|1238","cWW","1C2W|1|B|C|1208"
"1C2W|1|B|G|1239","cWW","1C2W|1|B|C|1207"
"1C2W|1|B|U|1240","cWW","1C2W|1|B|G|1206"
"1C2W|1|B|C|1243","cWW","1C2W|1|B|G|1202"
"1C2W|1|B|A|1244","cWW","1C2W|1|B|U|1201"
"1C2W|1|B|G|1245","cWW","1C2W|1|B|C|1200"
"1C2W|1|B|A|1246","cWW","1C2W|1|B|U|1199"
"1C2W|1|B|A|1247","cWW","1C2W|1|B|U|1198"
"1C2W|1|B|G|1248","ntWW","1C2W|1|B|G|669"
"1C2W|1|B|G|1256","cWW","1C2W|1|B|C|584"
"1C2W|1|B|C|1257","cWW","1C2W|1|B|G|583"
"1C2W|1|B|U|1258","cWW","1C2W|1|B|A|582"
"1C2W|1|B|G|1259","cWW","1C2W|1|B|C|581"
"1C2W|1|B|A|1260","cWW","1C2W|1|B|U|580"
"1C2W|1|B|C|1261","cWW","1C2W|1|B|G|579"
"1C2W|1|B|A|1262","cWW","1C2W|1|B|U|2017"
"1C2W|1|B|A|1265","tSS","1C2W|1|B|C|1615"
"1C2W|1|B|A|1269","cWW","1C2W|1|B|U|2011"
"1C2W|1|B|C|1270","cWW","1C2W|1|B|G|2010"
"1C2W|1|B|C|1270","ntSS","1C2W|1|B|G|1288"
"1C2W|1|B|G|1271","ntWW","1C2W|1|B|G|1653"
"1C2W|1|B|G|1271","ncHS","1C2W|1|B|A|2005"
"1C2W|1|B|A|1275","ntHH","1C2W|1|B|G|1292"
"1C2W|1|B|A|1276","cWW","1C2W|1|B|U|1294"
"1C2W|1|B|G|1277","cWW","1C2W|1|B|C|1293"
"1C2W|1|B|C|1278","cWW","1C2W|1|B|G|1292"
"1C2W|1|B|G|1279","ncSW","1C2W|1|B|G|1309"
"1C2W|1|B|G|1279","cWW","1C2W|1|B|C|1291"
"1C2W|1|B|G|1280","cWW","1C2W|1|B|C|1290"
"1C2W|1|B|G|1281","ntSS","1C2W|1|B|U|1647"
"1C2W|1|B|G|1281","cWW","1C2W|1|B|C|1289"
"1C2W|1|B|U|1282","ntSH","1C2W|1|B|A|1286"
"1C2W|1|B|U|1282","ntWH","1C2W|1|B|A|1285"
"1C2W|1|B|A|1285","ntHW","1C2W|1|B|U|1282"
"1C2W|1|B|A|1286","ntHS","1C2W|1|B|U|1282"
"1C2W|1|B|A|1286","ncSS","1C2W|1|B|G|2010"
"1C2W|1|B|A|1287","ncSS","1C2W|1|B|A|2009"
"1C2W|1|B|G|1288","ntSS","1C2W|1|B|C|1270"
"1C2W|1|B|C|1289","cWW","1C2W|1|B|G|1281"
"1C2W|1|B|C|1290","cWW","1C2W|1|B|G|1280"
"1C2W|1|B|C|1291","cWW","1C2W|1|B|G|1279"
"1C2W|1|B|G|1292","cWW","1C2W|1|B|C|1278"
"1C2W|1|B|G|1292","ntHH","1C2W|1|B|A|1275"
"1C2W|1|B|C|1293","cWW","1C2W|1|B|G|1277"
"1C2W|1|B|U|1294","cWW","1C2W|1|B|A|1276"
"1C2W|1|B|C|1295","cWW","1C2W|1|B|G|1645"
"1C2W|1|B|G|1296","cWW","1C2W|1|B|C|1644"
"1C2W|1|B|C|1297","cWW","1C2W|1|B|G|1643"
"1C2W|1|B|C|1298","ntSH","1C2W|1|B|A|1626"
"1C2W|1|B|C|1298","cWW","1C2W|1|B|G|1642"
"1C2W|1|B|G|1303","cWW","1C2W|1|B|C|1625"
"1C2W|1|B|A|1304","cWW","1C2W|1|B|U|1624"
"1C2W|1|B|C|1305","tHW","1C2W|1|B|C|1607"
"1C2W|1|B|C|1305","cWW","1C2W|1|B|G|1623"
"1C2W|1|B|C|1306","cWW","1C2W|1|B|G|1622"
"1C2W|1|B|A|1307","cWW","1C2W|1|B|U|1621"
"1C2W|1|B|G|1309","ncWS","1C2W|1|B|G|1279"
"1C2W|1|B|U|1313","cWW","1C2W|1|B|G|1339"
"1C2W|1|B|C|1314","cWW","1C2W|1|B|G|1338"
"1C2W|1|B|C|1315","cWW","1C2W|1|B|G|1337"
"1C2W|1|B|U|1316","cWW","1C2W|1|B|A|1336"
"1C2W|1|B|G|1317","cWW","1C2W|1|B|C|1335"
"1C2W|1|B|U|1318","cWW","1C2W|1|B|G|1334"
"1C2W|1|B|C|1319","cWW","1C2W|1|B|G|1333"
"1C2W|1|B|C|1320","cWW","1C2W|1|B|G|1332"
"1C2W|1|B|C|1323","cWW","1C2W|1|B|G|1331"
"1C2W|1|B|G|1324","cWW","1C2W|1|B|C|1330"
"1C2W|1|B|U|1326","ncSS","1C2W|1|B|G|136"
"1C2W|1|B|U|1326","ntWS","1C2W|1|B|C|143"
"1C2W|1|B|C|1330","cWW","1C2W|1|B|G|1324"
"1C2W|1|B|G|1331","cWW","1C2W|1|B|C|1323"
"1C2W|1|B|G|1332","cWW","1C2W|1|B|C|1320"
"1C2W|1|B|G|1333","cWW","1C2W|1|B|C|1319"
"1C2W|1|B|G|1334","cWW","1C2W|1|B|U|1318"
"1C2W|1|B|C|1335","cWW","1C2W|1|B|G|1317"
"1C2W|1|B|A|1336","cWW","1C2W|1|B|U|1316"
"1C2W|1|B|G|1337","cWW","1C2W|1|B|C|1315"
"1C2W|1|B|G|1338","cWW","1C2W|1|B|C|1314"
"1C2W|1|B|G|1339","cWW","1C2W|1|B|U|1313"
"1C2W|1|B|G|1343","cWW","1C2W|1|B|C|1404"
"1C2W|1|B|U|1344","cWW","1C2W|1|B|A|1403"
"1C2W|1|B|C|1345","cWW","1C2W|1|B|G|1601"
"1C2W|1|B|G|1346","cWW","1C2W|1|B|C|1600"
"1C2W|1|B|A|1347","cWW","1C2W|1|B|U|1599"
"1C2W|1|B|C|1349","cWW","1C2W|1|B|G|1382"
"1C2W|1|B|C|1350","cWW","1C2W|1|B|G|1381"
"1C2W|1|B|C|1351","cWW","1C2W|1|B|G|1380"
"1C2W|1|B|G|1355","cWW","1C2W|1|B|C|1376"
"1C2W|1|B|G|1356","cWW","1C2W|1|B|U|1375"
"1C2W|1|B|C|1357","cWW","1C2W|1|B|G|1374"
"1C2W|1|B|G|1361","cWW","1C2W|1|B|C|1370"
"1C2W|1|B|C|1362","cWW","1C2W|1|B|G|1369"
"1C2W|1|B|C|1363","cWW","1C2W|1|B|G|1368"
"1C2W|1|B|G|1364","ntSS","1C2W|1|B|A|1367"
"1C2W|1|B|A|1367","ntSS","1C2W|1|B|G|1364"
"1C2W|1|B|G|1368","cWW","1C2W|1|B|C|1363"
"1C2W|1|B|G|1369","cWW","1C2W|1|B|C|1362"
"1C2W|1|B|C|1370","cWW","1C2W|1|B|G|1361"
"1C2W|1|B|G|1374","cWW","1C2W|1|B|C|1357"
"1C2W|1|B|U|1375","cWW","1C2W|1|B|G|1356"
"1C2W|1|B|C|1376","cWW","1C2W|1|B|G|1355"
"1C2W|1|B|G|1380","cWW","1C2W|1|B|C|1351"
"1C2W|1|B|G|1381","cWW","1C2W|1|B|C|1350"
"1C2W|1|B|G|1382","cWW","1C2W|1|B|C|1349"
"1C2W|1|B|A|1385","cWW","1C2W|1|B|U|1402"
"1C2W|1|B|C|1386","cWW","1C2W|1|B|G|1401"
"1C2W|1|B|A|1387","cWW","1C2W|1|B|U|1400"
"1C2W|1|B|G|1388","cWW","1C2W|1|B|C|1399"
"1C2W|1|B|G|1389","cWW","1C2W|1|B|C|1398"
"1C2W|1|B|C|1398","cWW","1C2W|1|B|G|1389"
"1C2W|1|B|C|1399","cWW","1C2W|1|B|G|1388"
"1C2W|1|B|U|1400","cWW","1C2W|1|B|A|1387"
"1C2W|1|B|G|1401","cWW","1C2W|1|B|C|1386"
"1C2W|1|B|U|1402","cWW","1C2W|1|B|A|1385"
"1C2W|1|B|A|1403","cWW","1C2W|1|B|U|1344"
"1C2W|1|B|C|1404","cWW","1C2W|1|B|G|1343"
"1C2W|1|B|U|1405","cWW","1C2W|1|B|A|1597"
"1C2W|1|B|U|1406","cWW","1C2W|1|B|A|1596"
"1C2W|1|B|G|1407","cWW","1C2W|1|B|C|1595"
"1C2W|1|B|G|1408","cWW","1C2W|1|B|U|1594"
"1C2W|1|B|U|1409","cWW","1C2W|1|B|A|1593"
"1C2W|1|B|G|1410","cWW","1C2W|1|B|C|1592"
"1C2W|1|B|U|1411","cWW","1C2W|1|B|A|1591"
"1C2W|1|B|U|1412","cWW","1C2W|1|B|A|1590"
"1C2W|1|B|A|1413","cWW","1C2W|1|B|U|1589"
"1C2W|1|B|C|1414","cWW","1C2W|1|B|G|1588"
"1C2W|1|B|U|1415","cWW","1C2W|1|B|G|1587"
"1C2W|1|B|G|1416","ncWS","1C2W|1|B|G|1465"
"1C2W|1|B|A|1420","cWW","1C2W|1|B|U|1578"
"1C2W|1|B|A|1420","ncHH","1C2W|1|B|G|1573"
"1C2W|1|B|G|1421","cWW","1C2W|1|B|C|1577"
"1C2W|1|B|G|1422","cWW","1C2W|1|B|U|1576"
"1C2W|1|B|G|1423","cWW","1C2W|1|B|C|1575"
"1C2W|1|B|G|1424","cWW","1C2W|1|B|C|1574"
"1C2W|1|B|A|1427","ncSS","1C2W|1|B|G|1429"
"1C2W|1|B|G|1429","ncSS","1C2W|1|B|A|1427"
"1C2W|1|B|G|1429","cWW","1C2W|1|B|C|1564"
"1C2W|1|B|C|1430","ncSW","1C2W|1|B|A|1566"
"1C2W|1|B|C|1430","ncWW","1C2W|1|B|U|1563"
"1C2W|1|B|A|1431","cWW","1C2W|1|B|U|1562"
"1C2W|1|B|G|1432","cWW","1C2W|1|B|C|1561"
"1C2W|1|B|G|1435","cWW","1C2W|1|B|C|1557"
"1C2W|1|B|G|1436","cWW","1C2W|1|B|C|1556"
"1C2W|1|B|C|1437","cWW","1C2W|1|B|G|1555"
"1C2W|1|B|U|1440","cWW","1C2W|1|B|A|1551"
"1C2W|1|B|G|1441","cWW","1C2W|1|B|C|1550"
"1C2W|1|B|U|1442","cWW","1C2W|1|B|A|1549"
"1C2W|1|B|U|1443","cWW","1C2W|1|B|A|1548"
"1C2W|1|B|G|1444","cWW","1C2W|1|B|C|1547"
"1C2W|1|B|C|1446","cWW","1C2W|1|B|G|1465"
"1C2W|1|B|C|1447","cWW","1C2W|1|B|G|1464"
"1C2W|1|B|G|1448","ntHS","1C2W|1|B|G|1543"
"1C2W|1|B|G|1448","cWW","1C2W|1|B|C|1463"
"1C2W|1|B|G|1449","cWW","1C2W|1|B|C|1462"
"1C2W|1|B|G|1450","cWW","1C2W|1|B|C|1461"
"1C2W|1|B|C|1451","ncHH","1C2W|1|B|G|1455"
"1C2W|1|B|A|1453","ntHW","1C2W|1|B|U|1458"
"1C2W|1|B|G|1455","ncHH","1C2W|1|B|C|1451"
"1C2W|1|B|U|1458","ntWH","1C2W|1|B|A|1453"
"1C2W|1|B|C|1461","cWW","1C2W|1|B|G|1450"
"1C2W|1|B|C|1462","cWW","1C2W|1|B|G|1449"
"1C2W|1|B|C|1463","ntWS","1C2W|1|B|A|1544"
"1C2W|1|B|C|1463","cWW","1C2W|1|B|G|1448"
"1C2W|1|B|G|1464","cWW","1C2W|1|B|C|1447"
"1C2W|1|B|G|1464","cSS","1C2W|1|B|U|1466"
"1C2W|1|B|G|1465","ncSW","1C2W|1|B|G|1416"
"1C2W|1|B|G|1465","cWW","1C2W|1|B|C|1446"
"1C2W|1|B|U|1466","cSS","1C2W|1|B|G|1464"
"1C2W|1|B|G|1471","cWW","1C2W|1|B|U|1520"
"1C2W|1|B|C|1472","cWW","1C2W|1|B|G|1519"
"1C2W|1|B|C|1472","ncWW","1C2W|1|B|G|1521"
"1C2W|1|B|G|1473","cWW","1C2W|1|B|C|1518"
"1C2W|1|B|U|1474","cWW","1C2W|1|B|G|1517"
"1C2W|1|B|A|1477","ncWW","1C2W|1|B|A|1515"
"1C2W|1|B|G|1478","cWW","1C2W|1|B|U|1513"
"1C2W|1|B|G|1479","cWW","1C2W|1|B|C|1512"
"1C2W|1|B|C|1480","cWW","1C2W|1|B|G|1511"
"1C2W|1|B|U|1481","cWW","1C2W|1|B|A|1508"
"1C2W|1|B|G|1482","cWW","1C2W|1|B|C|1507"
"1C2W|1|B|G|1483","cWW","1C2W|1|B|U|1506"
"1C2W|1|B|U|1484","cWW","1C2W|1|B|A|1505"
"1C2W|1|B|U|1485","cWW","1C2W|1|B|A|1504"
"1C2W|1|B|U|1486","cWW","1C2W|1|B|A|1503"
"1C2W|1|B|U|1487","cWW","1C2W|1|B|A|1502"
"1C2W|1|B|C|1488","cWW","1C2W|1|B|G|1501"
"1C2W|1|B|C|1489","cWW","1C2W|1|B|G|1500"
"1C2W|1|B|G|1491","cWW","1C2W|1|B|C|1499"
"1C2W|1|B|G|1491","ntHW","1C2W|1|B|A|1496"
"1C2W|1|B|G|1492","cWW","1C2W|1|B|C|1498"
"1C2W|1|B|A|1496","ntWH","1C2W|1|B|G|1491"
"1C2W|1|B|A|1496","ntSW","1C2W|1|B|C|1499"
"1C2W|1|B|C|1498","cWW","1C2W|1|B|G|1492"
"1C2W|1|B|C|1499","ntWS","1C2W|1|B|A|1496"
"1C2W|1|B|C|1499","cWW","1C2W|1|B|G|1491"
"1C2W|1|B|G|1500","cWW","1C2W|1|B|C|1489"
"1C2W|1|B|G|1501","cWW","1C2W|1|B|C|1488"
"1C2W|1|B|A|1502","cWW","1C2W|1|B|U|1487"
"1C2W|1|B|A|1503","cWW","1C2W|1|B|U|1486"
"1C2W|1|B|A|1504","cWW","1C2W|1|B|U|1485"
"1C2W|1|B|A|1505","cWW","1C2W|1|B|U|1484"
"1C2W|1|B|U|1506","cWW","1C2W|1|B|G|1483"
"1C2W|1|B|C|1507","cWW","1C2W|1|B|G|1482"
"1C2W|1|B|A|1508","cWW","1C2W|1|B|U|1481"
"1C2W|1|B|G|1511","cWW","1C2W|1|B|C|1480"
"1C2W|1|B|C|1512","cWW","1C2W|1|B|G|1479"
"1C2W|1|B|U|1513","cWW","1C2W|1|B|G|1478"
"1C2W|1|B|A|1515","ncWW","1C2W|1|B|A|1477"
"1C2W|1|B|G|1517","cWW","1C2W|1|B|U|1474"
"1C2W|1|B|C|1518","cWW","1C2W|1|B|G|1473"
"1C2W|1|B|G|1519","cWW","1C2W|1|B|C|1472"
"1C2W|1|B|U|1520","cWW","1C2W|1|B|G|1471"
"1C2W|1|B|G|1521","ncWW","1C2W|1|B|C|1472"
"1C2W|1|B|G|1529","cWW","1C2W|1|B|U|1542"
"1C2W|1|B|G|1530","cWW","1C2W|1|B|C|1541"
"1C2W|1|B|C|1531","cWW","1C2W|1|B|G|1540"
"1C2W|1|B|A|1532","cWW","1C2W|1|B|U|1539"
"1C2W|1|B|C|1533","cWW","1C2W|1|B|G|1538"
"1C2W|1|B|U|1534","ncSH","1C2W|1|B|C|1536"
"1C2W|1|B|C|1536","ncHS","1C2W|1|B|U|1534"
"1C2W|1|B|G|1538","cWW","1C2W|1|B|C|1533"
"1C2W|1|B|U|1539","cWW","1C2W|1|B|A|1532"
"1C2W|1|B|G|1540","cWW","1C2W|1|B|C|1531"
"1C2W|1|B|C|1541","cWW","1C2W|1|B|G|1530"
"1C2W|1|B|U|1542","cWW","1C2W|1|B|G|1529"
"1C2W|1|B|G|1543","ntSH","1C2W|1|B|G|1448"
"1C2W|1|B|A|1544","ntSW","1C2W|1|B|C|1463"
"1C2W|1|B|C|1547","cWW","1C2W|1|B|G|1444"
"1C2W|1|B|A|1548","cWW","1C2W|1|B|U|1443"
"1C2W|1|B|A|1549","cWW","1C2W|1|B|U|1442"
"1C2W|1|B|C|1550","cWW","1C2W|1|B|G|1441"
"1C2W|1|B|A|1551","cWW","1C2W|1|B|U|1440"
"1C2W|1|B|G|1555","cWW","1C2W|1|B|C|1437"
"1C2W|1|B|C|1556","cWW","1C2W|1|B|G|1436"
"1C2W|1|B|C|1557","cWW","1C2W|1|B|G|1435"
"1C2W|1|B|C|1561","cWW","1C2W|1|B|G|1432"
"1C2W|1|B|U|1562","cWW","1C2W|1|B|A|1431"
"1C2W|1|B|U|1563","ncWW","1C2W|1|B|C|1430"
"1C2W|1|B|C|1564","cWW","1C2W|1|B|G|1429"
"1C2W|1|B|A|1566","ncWS","1C2W|1|B|C|1430"
"1C2W|1|B|G|1568","ncWW","1C2W|1|B|A|1580"
"1C2W|1|B|A|1570","ntHH","1C2W|1|B|C|1575"
"1C2W|1|B|A|1570","ncSS","1C2W|1|B|A|1571"
"1C2W|1|B|A|1571","ncSS","1C2W|1|B|A|1570"
"1C2W|1|B|A|1572","ntHH","1C2W|1|B|C|1575"
"1C2W|1|B|A|1572","ntHH","1C2W|1|B|C|1574"
"1C2W|1|B|G|1573","ncHH","1C2W|1|B|A|1420"
"1C2W|1|B|C|1574","ntHH","1C2W|1|B|A|1572"
"1C2W|1|B|C|1574","cWW","1C2W|1|B|G|1424"
"1C2W|1|B|C|1575","ntHH","1C2W|1|B|A|1572"
"1C2W|1|B|C|1575","ntHH","1C2W|1|B|A|1570"
"1C2W|1|B|C|1575","cWW","1C2W|1|B|G|1423"
"1C2W|1|B|U|1576","cWW","1C2W|1|B|G|1422"
"1C2W|1|B|C|1577","cWW","1C2W|1|B|G|1421"
"1C2W|1|B|U|1578","cWW","1C2W|1|B|A|1420"
"1C2W|1|B|A|1580","ncWW","1C2W|1|B|G|1568"
"1C2W|1|B|G|1581","ntHH","1C2W|1|B|A|1630"
"1C2W|1|B|C|1585","ncSW","1C2W|1|B|A|1590"
"1C2W|1|B|C|1585","ncSW","1C2W|1|B|A|1591"
"1C2W|1|B|G|1587","cWW","1C2W|1|B|U|1415"
"1C2W|1|B|G|1588","cWW","1C2W|1|B|C|1414"
"1C2W|1|B|U|1589","cWW","1C2W|1|B|A|1413"
"1C2W|1|B|A|1590","cWW","1C2W|1|B|U|1412"
"1C2W|1|B|A|1590","ncWS","1C2W|1|B|C|1585"
"1C2W|1|B|A|1591","ncWS","1C2W|1|B|C|1585"
"1C2W|1|B|A|1591","cWW","1C2W|1|B|U|1411"
"1C2W|1|B|C|1592","cWW","1C2W|1|B|G|1410"
"1C2W|1|B|A|1593","cWW","1C2W|1|B|U|1409"
"1C2W|1|B|U|1594","cWW","1C2W|1|B|G|1408"
"1C2W|1|B|C|1595","cWW","1C2W|1|B|G|1407"
"1C2W|1|B|A|1596","cWW","1C2W|1|B|U|1406"
"1C2W|1|B|A|1597","cWW","1C2W|1|B|U|1405"
"1C2W|1|B|U|1599","cWW","1C2W|1|B|A|1347"
"1C2W|1|B|C|1600","cWW","1C2W|1|B|G|1346"
"1C2W|1|B|G|1601","cWW","1C2W|1|B|C|1345"
"1C2W|1|B|C|1607","tWH","1C2W|1|B|C|1305"
"1C2W|1|B|C|1611","cWW","1C2W|1|B|G|1620"
"1C2W|1|B|C|1612","cWW","1C2W|1|B|G|1619"
"1C2W|1|B|G|1613","ntSW","1C2W|1|B|C|1615"
"1C2W|1|B|C|1615","tSS","1C2W|1|B|A|1265"
"1C2W|1|B|C|1615","ntWS","1C2W|1|B|G|1613"
"1C2W|1|B|C|1615","ncWH","1C2W|1|B|C|1617"
"1C2W|1|B|C|1617","ncHW","1C2W|1|B|C|1615"
"1C2W|1|B|G|1619","cWW","1C2W|1|B|C|1612"
"1C2W|1|B|G|1620","cWW","1C2W|1|B|C|1611"
"1C2W|1|B|G|1620","ncSS","1C2W|1|B|A|739"
"1C2W|1|B|U|1621","cWW","1C2W|1|B|A|1307"
"1C2W|1|B|G|1622","cWW","1C2W|1|B|C|1306"
"1C2W|1|B|G|1623","cWW","1C2W|1|B|C|1305"
"1C2W|1|B|U|1624","cWW","1C2W|1|B|A|1304"
"1C2W|1|B|C|1625","cWW","1C2W|1|B|G|1303"
"1C2W|1|B|A|1626","ntHS","1C2W|1|B|C|1298"
"1C2W|1|B|G|1627","cWW","1C2W|1|B|C|1639"
"1C2W|1|B|G|1628","cWW","1C2W|1|B|C|1638"
"1C2W|1|B|U|1629","cWW","1C2W|1|B|A|1637"
"1C2W|1|B|A|1630","cWW","1C2W|1|B|U|1636"
"1C2W|1|B|A|1630","ntHH","1C2W|1|B|G|1581"
"1C2W|1|B|A|1632","ncSH","1C2W|1|B|G|1633"
"1C2W|1|B|G|1633","ncHS","1C2W|1|B|A|1632"
"1C2W|1|B|U|1636","cWW","1C2W|1|B|A|1630"
"1C2W|1|B|A|1637","cWW","1C2W|1|B|U|1629"
"1C2W|1|B|C|1638","cWW","1C2W|1|B|G|1628"
"1C2W|1|B|C|1639","cWW","1C2W|1|B|G|1627"
"1C2W|1|B|G|1642","cWW","1C2W|1|B|C|1298"
"1C2W|1|B|G|1643","cWW","1C2W|1|B|C|1297"
"1C2W|1|B|C|1644","cWW","1C2W|1|B|G|1296"
"1C2W|1|B|G|1645","cWW","1C2W|1|B|C|1295"
"1C2W|1|B|U|1647","ntSS","1C2W|1|B|G|1281"
"1C2W|1|B|U|1648","cWW","1C2W|1|B|A|2009"
"1C2W|1|B|G|1649","cWW","1C2W|1|B|C|2008"
"1C2W|1|B|A|1650","cWW","1C2W|1|B|U|2007"
"1C2W|1|B|G|1651","cWW","1C2W|1|B|C|2006"
"1C2W|1|B|G|1653","ntWW","1C2W|1|B|G|1271"
"1C2W|1|B|C|1656","cWW","1C2W|1|B|G|2004"
"1C2W|1|B|U|1657","cWW","1C2W|1|B|A|2003"
"1C2W|1|B|C|1658","cWW","1C2W|1|B|G|2002"
"1C2W|1|B|G|1659","cWW","1C2W|1|B|C|2001"
"1C2W|1|B|G|1660","cWW","1C2W|1|B|C|2000"
"1C2W|1|B|G|1661","cWW","1C2W|1|B|C|1999"
"1C2W|1|B|U|1662","cWW","1C2W|1|B|A|1998"
"1C2W|1|B|G|1663","cWW","1C2W|1|B|C|1997"
"1C2W|1|B|A|1665","cWW","1C2W|1|B|U|1995"
"1C2W|1|B|G|1666","cWW","1C2W|1|B|C|1994"
"1C2W|1|B|G|1667","ntHW","1C2W|1|B|U|1758"
"1C2W|1|B|G|1667","cWW","1C2W|1|B|U|1993"
"1C2W|1|B|A|1669","cWW","1C2W|1|B|U|1991"
"1C2W|1|B|U|1671","ntSH","1C2W|1|B|A|1672"
"1C2W|1|B|A|1672","ntHS","1C2W|1|B|U|1671"
"1C2W|1|B|A|1672","ncSW","1C2W|1|B|A|1678"
"1C2W|1|B|A|1676","ncHS","1C2W|1|B|A|1690"
"1C2W|1|B|A|1678","ntSW","1C2W|1|B|C|1685"
"1C2W|1|B|A|1678","ncWS","1C2W|1|B|A|1672"
"1C2W|1|B|A|1678","ntHW","1C2W|1|B|U|1680"
"1C2W|1|B|U|1680","ntWH","1C2W|1|B|A|1678"
"1C2W|1|B|G|1682","cWW","1C2W|1|B|C|1706"
"1C2W|1|B|U|1683","cWW","1C2W|1|B|A|1705"
"1C2W|1|B|G|1684","cWW","1C2W|1|B|C|1704"
"1C2W|1|B|C|1685","cWW","1C2W|1|B|G|1703"
"1C2W|1|B|C|1685","ntWS","1C2W|1|B|A|1678"
"1C2W|1|B|C|1686","cWW","1C2W|1|B|G|1702"
"1C2W|1|B|A|1690","ncSH","1C2W|1|B|A|1676"
"1C2W|1|B|C|1691","ncSS","1C2W|1|B|G|1697"
"1C2W|1|B|C|1694","ntWH","1C2W|1|B|C|2703"
"1C2W|1|B|G|1697","ncSS","1C2W|1|B|C|1691"
"1C2W|1|B|G|1702","cWW","1C2W|1|B|C|1686"
"1C2W|1|B|G|1703","cWW","1C2W|1|B|C|1685"
"1C2W|1|B|C|1704","cWW","1C2W|1|B|G|1684"
"1C2W|1|B|A|1705","cWW","1C2W|1|B|U|1683"
"1C2W|1|B|C|1706","cWW","1C2W|1|B|G|1682"
"1C2W|1|B|G|1707","cWW","1C2W|1|B|U|1751"
"1C2W|1|B|C|1708","cWW","1C2W|1|B|G|1750"
"1C2W|1|B|U|1709","cWW","1C2W|1|B|A|1749"
"1C2W|1|B|G|1710","cWW","1C2W|1|B|C|1748"
"1C2W|1|B|A|1711","cWW","1C2W|1|B|U|1747"
"1C2W|1|B|U|1712","cWW","1C2W|1|B|A|1746"
"1C2W|1|B|A|1713","ncSW","1C2W|1|B|A|1745"
"1C2W|1|B|U|1714","ntSH","1C2W|1|B|C|1741"
"1C2W|1|B|G|1715","ntHS","1C2W|1|B|G|1737"
"1C2W|1|B|U|1716","cWW","1C2W|1|B|G|1743"
"1C2W|1|B|A|1717","cWW","1C2W|1|B|U|1742"
"1C2W|1|B|G|1718","cWW","1C2W|1|B|C|1741"
"1C2W|1|B|G|1719","ncSW","1C2W|1|B|U|1720"
"1C2W|1|B|U|1720","ncWS","1C2W|1|B|G|1719"
"1C2W|1|B|A|1722","ntHW","1C2W|1|B|U|1736"
"1C2W|1|B|G|1724","cWW","1C2W|1|B|U|1736"
"1C2W|1|B|U|1725","cWW","1C2W|1|B|A|1735"
"1C2W|1|B|C|1726","cWW","1C2W|1|B|G|1734"
"1C2W|1|B|C|1727","cWW","1C2W|1|B|G|1733"
"1C2W|1|B|C|1728","ntWH","1C2W|1|B|G|1731"
"1C2W|1|B|G|1731","ntHW","1C2W|1|B|C|1728"
"1C2W|1|B|G|1733","cWW","1C2W|1|B|C|1727"
"1C2W|1|B|G|1734","cWW","1C2W|1|B|C|1726"
"1C2W|1|B|A|1735","cWW","1C2W|1|B|U|1725"
"1C2W|1|B|U|1736","cWW","1C2W|1|B|G|1724"
"1C2W|1|B|U|1736","ntWH","1C2W|1|B|A|1722"
"1C2W|1|B|G|1737","ntSH","1C2W|1|B|G|1715"
"1C2W|1|B|C|1741","cWW","1C2W|1|B|G|1718"
"1C2W|1|B|C|1741","ntHS","1C2W|1|B|U|1714"
"1C2W|1|B|U|1742","cWW","1C2W|1|B|A|1717"
"1C2W|1|B|G|1743","cWW","1C2W|1|B|U|1716"
"1C2W|1|B|A|1745","ncWS","1C2W|1|B|A|1713"
"1C2W|1|B|A|1746","cWW","1C2W|1|B|U|1712"
"1C2W|1|B|U|1747","cWW","1C2W|1|B|A|1711"
"1C2W|1|B|C|1748","cWW","1C2W|1|B|G|1710"
"1C2W|1|B|A|1749","cWW","1C2W|1|B|U|1709"
"1C2W|1|B|G|1750","cWW","1C2W|1|B|C|1708"
"1C2W|1|B|U|1751","cWW","1C2W|1|B|G|1707"
"1C2W|1|B|C|1752","ncHS","1C2W|1|B|A|1987"
"1C2W|1|B|G|1756","ncSH","1C2W|1|B|A|1757"
"1C2W|1|B|A|1757","ncHS","1C2W|1|B|G|1756"
"1C2W|1|B|U|1758","ntWH","1C2W|1|B|G|1667"
"1C2W|1|B|C|1764","cWW","1C2W|1|B|G|1988"
"1C2W|1|B|U|1765","cWW","1C2W|1|B|A|1987"
"1C2W|1|B|G|1766","cWW","1C2W|1|B|C|1986"
"1C2W|1|B|G|1767","cWW","1C2W|1|B|C|1985"
"1C2W|1|B|C|1768","cWW","1C2W|1|B|G|1984"
"1C2W|1|B|U|1769","cWW","1C2W|1|B|G|1983"
"1C2W|1|B|G|1770","cWW","1C2W|1|B|U|1982"
"1C2W|1|B|C|1771","cWW","1C2W|1|B|G|1980"
"1C2W|1|B|A|1772","cWW","1C2W|1|B|U|1979"
"1C2W|1|B|U|1775","ncWH","1C2W|1|B|A|1970"
"1C2W|1|B|U|1775","cWW","1C2W|1|B|A|1789"
"1C2W|1|B|G|1776","cWW","1C2W|1|B|C|1788"
"1C2W|1|B|U|1777","cWW","1C2W|1|B|A|1787"
"1C2W|1|B|U|1778","cWW","1C2W|1|B|A|1786"
"1C2W|1|B|U|1779","cWW","1C2W|1|B|A|1785"
"1C2W|1|B|A|1785","cWW","1C2W|1|B|U|1779"
"1C2W|1|B|A|1786","cWW","1C2W|1|B|U|1778"
"1C2W|1|B|A|1787","cWW","1C2W|1|B|U|1777"
"1C2W|1|B|C|1788","cWW","1C2W|1|B|G|1776"
"1C2W|1|B|A|1789","cWW","1C2W|1|B|U|1775"
"1C2W|1|B|C|1790","ncWW","1C2W|1|B|C|1942"
"1C2W|1|B|G|1792","cWW","1C2W|1|B|U|1827"
"1C2W|1|B|G|1792","ncSW","1C2W|1|B|U|1943"
"1C2W|1|B|C|1793","cWW","1C2W|1|B|G|1826"
"1C2W|1|B|A|1794","cWW","1C2W|1|B|U|1825"
"1C2W|1|B|C|1795","cWW","1C2W|1|B|G|1824"
"1C2W|1|B|U|1796","cWW","1C2W|1|B|G|1823"
"1C2W|1|B|G|1797","cWW","1C2W|1|B|C|1822"
"1C2W|1|B|U|1798","cWW","1C2W|1|B|A|1821"
"1C2W|1|B|G|1799","cWW","1C2W|1|B|U|1820"
"1C2W|1|B|C|1800","ntWH","1C2W|1|B|C|1804"
"1C2W|1|B|A|1802","ntHS","1C2W|1|B|G|1813"
"1C2W|1|B|C|1804","ntHW","1C2W|1|B|C|1800"
"1C2W|1|B|C|1804","cWW","1C2W|1|B|G|1813"
"1C2W|1|B|A|1805","cWW","1C2W|1|B|U|1812"
"1C2W|1|B|C|1806","cWW","1C2W|1|B|G|1811"
"1C2W|1|B|G|1811","cWW","1C2W|1|B|C|1806"
"1C2W|1|B|U|1812","cWW","1C2W|1|B|A|1805"
"1C2W|1|B|G|1813","ntSH","1C2W|1|B|A|1802"
"1C2W|1|B|G|1813","cWW","1C2W|1|B|C|1804"
"1C2W|1|B|A|1819","ntWW","1C2W|1|B|C|1934"
"1C2W|1|B|A|1819","ntHH","1C2W|1|B|G|1930"
"1C2W|1|B|U|1820","cWW","1C2W|1|B|G|1799"
"1C2W|1|B|A|1821","cWW","1C2W|1|B|U|1798"
"1C2W|1|B|C|1822","cWW","1C2W|1|B|G|1797"
"1C2W|1|B|G|1823","cWW","1C2W|1|B|U|1796"
"1C2W|1|B|G|1824","ntSS","1C2W|1|B|A|1966"
"1C2W|1|B|G|1824","cWW","1C2W|1|B|C|1795"
"1C2W|1|B|U|1825","cWW","1C2W|1|B|A|1794"
"1C2W|1|B|G|1826","cWW","1C2W|1|B|C|1793"
"1C2W|1|B|U|1827","cWW","1C2W|1|B|G|1792"
"1C2W|1|B|A|1829","cWW","1C2W|1|B|U|1976"
"1C2W|1|B|C|1830","cWW","1C2W|1|B|G|1975"
"1C2W|1|B|G|1831","cWW","1C2W|1|B|C|1974"
"1C2W|1|B|C|1832","cWW","1C2W|1|B|G|1973"
"1C2W|1|B|C|1833","cWW","1C2W|1|B|G|1972"
"1C2W|1|B|G|1835","cWW","1C2W|1|B|C|1905"
"1C2W|1|B|C|1836","ncHS","1C2W|1|B|G|1930"
"1C2W|1|B|C|1836","cWW","1C2W|1|B|G|1904"
"1C2W|1|B|C|1837","cWW","1C2W|1|B|G|1903"
"1C2W|1|B|G|1840","cWW","1C2W|1|B|C|1902"
"1C2W|1|B|G|1840","ntHH","1C2W|1|B|A|1900"
"1C2W|1|B|U|1841","cWW","1C2W|1|B|A|1901"
"1C2W|1|B|G|1842","cWW","1C2W|1|B|U|1898"
"1C2W|1|B|C|1843","cWW","1C2W|1|B|G|1897"
"1C2W|1|B|C|1844","cWW","1C2W|1|B|G|1896"
"1C2W|1|B|G|1845","cWW","1C2W|1|B|C|1895"
"1C2W|1|B|G|1846","cWW","1C2W|1|B|C|1894"
"1C2W|1|B|G|1849","cWW","1C2W|1|B|C|1893"
"1C2W|1|B|G|1849","ncHW","1C2W|1|B|A|1889"
"1C2W|1|B|G|1850","cWW","1C2W|1|B|C|1892"
"1C2W|1|B|U|1855","ntWS","1C2W|1|B|A|1885"
"1C2W|1|B|G|1860","ntSS","1C2W|1|B|U|1883"
"1C2W|1|B|G|1860","cWW","1C2W|1|B|U|1882"
"1C2W|1|B|G|1861","cWW","1C2W|1|B|C|1881"
"1C2W|1|B|G|1862","cWW","1C2W|1|B|U|1880"
"1C2W|1|B|G|1863","cWW","1C2W|1|B|C|1879"
"1C2W|1|B|U|1864","cWW","1C2W|1|B|G|1878"
"1C2W|1|B|U|1865","cWW","1C2W|1|B|A|1877"
"1C2W|1|B|A|1866","ntHH","1C2W|1|B|C|2129"
"1C2W|1|B|G|1867","cWW","1C2W|1|B|C|1874"
"1C2W|1|B|C|1868","cWW","1C2W|1|B|G|1873"
"1C2W|1|B|C|1870","ntWH","1C2W|1|B|G|2133"
"1C2W|1|B|A|1871","ncWH","1C2W|1|B|G|2133"
"1C2W|1|B|G|1873","cWW","1C2W|1|B|C|1868"
"1C2W|1|B|C|1874","cWW","1C2W|1|B|G|1867"
"1C2W|1|B|A|1877","cWW","1C2W|1|B|U|1865"
"1C2W|1|B|G|1878","cWW","1C2W|1|B|U|1864"
"1C2W|1|B|C|1879","cWW","1C2W|1|B|G|1863"
"1C2W|1|B|U|1880","cWW","1C2W|1|B|G|1862"
"1C2W|1|B|C|1881","cWW","1C2W|1|B|G|1861"
"1C2W|1|B|U|1882","cWW","1C2W|1|B|G|1860"
"1C2W|1|B|U|1883","ntSS","1C2W|1|B|G|1860"
"1C2W|1|B|A|1885","ntSW","1C2W|1|B|U|1855"
"1C2W|1|B|A|1889","ncWH","1C2W|1|B|G|1849"
"1C2W|1|B|C|1892","cWW","1C2W|1|B|G|1850"
"1C2W|1|B|C|1893","cWW","1C2W|1|B|G|1849"
"1C2W|1|B|C|1894","cWW","1C2W|1|B|G|1846"
"1C2W|1|B|C|1895","cWW","1C2W|1|B|G|1845"
"1C2W|1|B|G|1896","cWW","1C2W|1|B|C|1844"
"1C2W|1|B|G|1897","cWW","1C2W|1|B|C|1843"
"1C2W|1|B|U|1898","cWW","1C2W|1|B|G|1842"
"1C2W|1|B|A|1900","ntHH","1C2W|1|B|G|1840"
"1C2W|1|B|A|1901","cWW","1C2W|1|B|U|1841"
"1C2W|1|B|C|1902","cWW","1C2W|1|B|G|1840"
"1C2W|1|B|G|1903","cWW","1C2W|1|B|C|1837"
"1C2W|1|B|G|1904","cWW","1C2W|1|B|C|1836"
"1C2W|1|B|C|1905","cWW","1C2W|1|B|G|1835"
"1C2W|1|B|G|1906","cWW","1C2W|1|B|C|1924"
"1C2W|1|B|G|1907","cWW","1C2W|1|B|U|1923"
"1C2W|1|B|C|1908","cWW","1C2W|1|B|G|1922"
"1C2W|1|B|C|1909","cWW","1C2W|1|B|G|1921"
"1C2W|1|B|G|1910","cWW","1C2W|1|B|C|1920"
"1C2W|1|B|A|1912","ntSH","1C2W|1|B|A|1916"
"1C2W|1|B|A|1916","ntHS","1C2W|1|B|A|1912"
"1C2W|1|B|C|1920","cWW","1C2W|1|B|G|1910"
"1C2W|1|B|G|1921","cWW","1C2W|1|B|C|1909"
"1C2W|1|B|G|1922","cWW","1C2W|1|B|C|1908"
"1C2W|1|B|U|1923","cWW","1C2W|1|B|G|1907"
"1C2W|1|B|C|1924","cWW","1C2W|1|B|G|1906"
"1C2W|1|B|G|1930","ncSH","1C2W|1|B|C|1836"
"1C2W|1|B|G|1930","ntHH","1C2W|1|B|A|1819"
"1C2W|1|B|A|1932","ncWW","1C2W|1|B|C|2440"
"1C2W|1|B|G|1933","ncSS","1C2W|1|B|G|1935"
"1C2W|1|B|C|1934","ntWW","1C2W|1|B|A|1819"
"1C2W|1|B|G|1935","ncSS","1C2W|1|B|G|1933"
"1C2W|1|B|U|1940","ncSH","1C2W|1|B|C|2063"
"1C2W|1|B|C|1942","ncWW","1C2W|1|B|C|1790"
"1C2W|1|B|U|1943","ncWS","1C2W|1|B|G|1792"
"1C2W|1|B|G|1945","cWW","1C2W|1|B|C|1961"
"1C2W|1|B|U|1946","cWW","1C2W|1|B|A|1960"
"1C2W|1|B|C|1947","cWW","1C2W|1|B|G|1959"
"1C2W|1|B|G|1948","cWW","1C2W|1|B|C|1958"
"1C2W|1|B|G|1949","cWW","1C2W|1|B|C|1957"
"1C2W|1|B|G|1950","cWW","1C2W|1|B|U|1956"
"1C2W|1|B|A|1953","ntWS","1C2W|1|B|G|2057"
"1C2W|1|B|U|1956","cWW","1C2W|1|B|G|1950"
"1C2W|1|B|C|1957","cWW","1C2W|1|B|G|1949"
"1C2W|1|B|C|1958","cWW","1C2W|1|B|G|1948"
"1C2W|1|B|G|1959","cWW","1C2W|1|B|C|1947"
"1C2W|1|B|A|1960","cWW","1C2W|1|B|U|1946"
"1C2W|1|B|C|1961","cWW","1C2W|1|B|G|1945"
"1C2W|1|B|A|1966","ntSS","1C2W|1|B|G|1824"
"1C2W|1|B|A|1970","ncHW","1C2W|1|B|U|1775"
"1C2W|1|B|G|1972","cWW","1C2W|1|B|C|1833"
"1C2W|1|B|G|1973","cWW","1C2W|1|B|C|1832"
"1C2W|1|B|C|1974","cWW","1C2W|1|B|G|1831"
"1C2W|1|B|G|1975","cWW","1C2W|1|B|C|1830"
"1C2W|1|B|U|1976","cWW","1C2W|1|B|A|1829"
"1C2W|1|B|U|1979","cWW","1C2W|1|B|A|1772"
"1C2W|1|B|G|1980","cWW","1C2W|1|B|C|1771"
"1C2W|1|B|U|1982","cWW","1C2W|1|B|G|1770"
"1C2W|1|B|G|1983","cWW","1C2W|1|B|U|1769"
"1C2W|1|B|G|1984","cWW","1C2W|1|B|C|1768"
"1C2W|1|B|C|1985","cWW","1C2W|1|B|G|1767"
"1C2W|1|B|C|1986","cWW","1C2W|1|B|G|1766"
"1C2W|1|B|A|1987","cWW","1C2W|1|B|U|1765"
"1C2W|1|B|A|1987","ncSH","1C2W|1|B|C|1752"
"1C2W|1|B|G|1988","cWW","1C2W|1|B|C|1764"
"1C2W|1|B|U|1991","cWW","1C2W|1|B|A|1669"
"1C2W|1|B|U|1993","cWW","1C2W|1|B|G|1667"
"1C2W|1|B|C|1994","cWW","1C2W|1|B|G|1666"
"1C2W|1|B|U|1995","cWW","1C2W|1|B|A|1665"
"1C2W|1|B|C|1997","cWW","1C2W|1|B|G|1663"
"1C2W|1|B|A|1998","cWW","1C2W|1|B|U|1662"
"1C2W|1|B|C|1999","cWW","1C2W|1|B|G|1661"
"1C2W|1|B|C|2000","cWW","1C2W|1|B|G|1660"
"1C2W|1|B|C|2001","cWW","1C2W|1|B|G|1659"
"1C2W|1|B|G|2002","cWW","1C2W|1|B|C|1658"
"1C2W|1|B|A|2003","cWW","1C2W|1|B|U|1657"
"1C2W|1|B|G|2004","cWW","1C2W|1|B|C|1656"
"1C2W|1|B|A|2005","ncSH","1C2W|1|B|C|2006"
"1C2W|1|B|A|2005","ncSH","1C2W|1|B|G|1271"
"1C2W|1|B|C|2006","cWW","1C2W|1|B|G|1651"
"1C2W|1|B|C|2006","ncHS","1C2W|1|B|A|2005"
"1C2W|1|B|U|2007","cWW","1C2W|1|B|A|1650"
"1C2W|1|B|C|2008","cWW","1C2W|1|B|G|1649"
"1C2W|1|B|A|2009","cWW","1C2W|1|B|U|1648"
"1C2W|1|B|A|2009","ncSS","1C2W|1|B|A|1287"
"1C2W|1|B|G|2010","ncSS","1C2W|1|B|A|1286"
"1C2W|1|B|G|2010","cWW","1C2W|1|B|C|1270"
"1C2W|1|B|U|2011","cWW","1C2W|1|B|A|1269"
"1C2W|1|B|U|2017","cWW","1C2W|1|B|A|1262"
"1C2W|1|B|C|2023","cWW","1C2W|1|B|G|2040"
"1C2W|1|B|G|2024","ncWS","1C2W|1|B|U|2039"
"1C2W|1|B|C|2025","cWW","1C2W|1|B|G|2038"
"1C2W|1|B|U|2026","cWW","1C2W|1|B|A|2037"
"1C2W|1|B|G|2027","cWW","1C2W|1|B|C|2036"
"1C2W|1|B|C|2036","cWW","1C2W|1|B|G|2027"
"1C2W|1|B|A|2037","cWW","1C2W|1|B|U|2026"
"1C2W|1|B|G|2038","cWW","1C2W|1|B|C|2025"
"1C2W|1|B|U|2039","ncSW","1C2W|1|B|G|2024"
"1C2W|1|B|G|2040","cWW","1C2W|1|B|C|2023"
"1C2W|1|B|C|2043","cWW","1C2W|1|B|G|2625"
"1C2W|1|B|C|2044","cWW","1C2W|1|B|G|2624"
"1C2W|1|B|C|2045","ntHH","1C2W|1|B|G|570"
"1C2W|1|B|C|2045","cWW","1C2W|1|B|G|2623"
"1C2W|1|B|G|2046","cWW","1C2W|1|B|U|2622"
"1C2W|1|B|C|2047","cWW","1C2W|1|B|G|2621"
"1C2W|1|B|C|2047","ntHH","1C2W|1|B|U|571"
"1C2W|1|B|G|2048","cWW","1C2W|1|B|C|2620"
"1C2W|1|B|G|2049","cWW","1C2W|1|B|C|2619"
"1C2W|1|B|C|2050","cWW","1C2W|1|B|G|2618"
"1C2W|1|B|A|2052","cWW","1C2W|1|B|U|2617"
"1C2W|1|B|G|2053","cWW","1C2W|1|B|C|2616"
"1C2W|1|B|A|2054","cWW","1C2W|1|B|U|2615"
"1C2W|1|B|G|2056","cWW","1C2W|1|B|C|2612"
"1C2W|1|B|G|2057","cWW","1C2W|1|B|C|2611"
"1C2W|1|B|G|2057","ntSW","1C2W|1|B|A|1953"
"1C2W|1|B|A|2058","ntHS","1C2W|1|B|G|2067"
"1C2W|1|B|C|2063","cWW","1C2W|1|B|G|2447"
"1C2W|1|B|C|2063","ncHS","1C2W|1|B|U|1940"
"1C2W|1|B|C|2064","cWW","1C2W|1|B|G|2446"
"1C2W|1|B|C|2065","cWW","1C2W|1|B|G|2445"
"1C2W|1|B|C|2066","cWW","1C2W|1|B|G|2444"
"1C2W|1|B|G|2067","ntSH","1C2W|1|B|A|2058"
"1C2W|1|B|G|2067","cWW","1C2W|1|B|C|2443"
"1C2W|1|B|A|2070","cWW","1C2W|1|B|U|2441"
"1C2W|1|B|A|2071","cWW","1C2W|1|B|U|2438"
"1C2W|1|B|C|2072","cWW","1C2W|1|B|G|2437"
"1C2W|1|B|C|2073","cWW","1C2W|1|B|G|2436"
"1C2W|1|B|U|2074","cWW","1C2W|1|B|A|2435"
"1C2W|1|B|U|2075","cWW","1C2W|1|B|A|2434"
"1C2W|1|B|A|2077","cWW","1C2W|1|B|U|2243"
"1C2W|1|B|C|2078","cWW","1C2W|1|B|G|2242"
"1C2W|1|B|U|2079","cWW","1C2W|1|B|A|2241"
"1C2W|1|B|A|2080","cWW","1C2W|1|B|U|2240"
"1C2W|1|B|U|2081","cWW","1C2W|1|B|G|2239"
"1C2W|1|B|G|2083","cWW","1C2W|1|B|U|2236"
"1C2W|1|B|C|2084","cWW","1C2W|1|B|G|2235"
"1C2W|1|B|U|2085","cWW","1C2W|1|B|G|2234"
"1C2W|1|B|U|2086","ncWW","1C2W|1|B|U|2233"
"1C2W|1|B|G|2087","cWW","1C2W|1|B|C|2232"
"1C2W|1|B|A|2088","cWW","1C2W|1|B|U|2231"
"1C2W|1|B|C|2089","cWW","1C2W|1|B|G|2230"
"1C2W|1|B|A|2090","cWW","1C2W|1|B|U|2229"
"1C2W|1|B|C|2091","cWW","1C2W|1|B|G|2228"
"1C2W|1|B|U|2092","cWW","1C2W|1|B|A|2227"
"1C2W|1|B|G|2093","cWW","1C2W|1|B|C|2196"
"1C2W|1|B|A|2094","cWW","1C2W|1|B|U|2195"
"1C2W|1|B|A|2095","cWW","1C2W|1|B|U|2194"
"1C2W|1|B|C|2096","cWW","1C2W|1|B|G|2193"
"1C2W|1|B|A|2097","cWW","1C2W|1|B|U|2192"
"1C2W|1|B|U|2098","cWW","1C2W|1|B|A|2191"
"1C2W|1|B|U|2099","cWW","1C2W|1|B|G|2190"
"1C2W|1|B|G|2100","cWW","1C2W|1|B|U|2189"
"1C2W|1|B|A|2101","cWW","1C2W|1|B|U|2188"
"1C2W|1|B|G|2102","cWW","1C2W|1|B|U|2187"
"1C2W|1|B|C|2103","cWW","1C2W|1|B|G|2186"
"1C2W|1|B|U|2105","cWW","1C2W|1|B|A|2184"
"1C2W|1|B|U|2106","cWW","1C2W|1|B|A|2183"
"1C2W|1|B|G|2107","cWW","1C2W|1|B|U|2182"
"1C2W|1|B|A|2108","cWW","1C2W|1|B|U|2181"
"1C2W|1|B|G|2120","cWW","1C2W|1|B|C|2178"
"1C2W|1|B|G|2121","cWW","1C2W|1|B|C|2177"
"1C2W|1|B|U|2122","cWW","1C2W|1|B|A|2176"
"1C2W|1|B|G|2123","cWW","1C2W|1|B|C|2175"
"1C2W|1|B|G|2124","cWW","1C2W|1|B|C|2174"
"1C2W|1|B|G|2127","cWW","1C2W|1|B|C|2161"
"1C2W|1|B|G|2128","cWW","1C2W|1|B|C|2160"
"1C2W|1|B|C|2129","cWW","1C2W|1|B|G|2159"
"1C2W|1|B|C|2129","ntHH","1C2W|1|B|A|1866"
"1C2W|1|B|U|2130","ntWW","1C2W|1|B|A|2158"
"1C2W|1|B|G|2133","ncHW","1C2W|1|B|A|1871"
"1C2W|1|B|G|2133","ntHW","1C2W|1|B|C|1870"
"1C2W|1|B|G|2136","cWW","1C2W|1|B|U|2155"
"1C2W|1|B|U|2137","cWW","1C2W|1|B|A|2154"
"1C2W|1|B|G|2138","cWW","1C2W|1|B|C|2153"
"1C2W|1|B|G|2140","cWW","1C2W|1|B|U|2151"
"1C2W|1|B|G|2141","cWW","1C2W|1|B|C|2150"
"1C2W|1|B|A|2142","cWW","1C2W|1|B|U|2149"
"1C2W|1|B|C|2143","cWW","1C2W|1|B|G|2148"
"1C2W|1|B|G|2148","cWW","1C2W|1|B|C|2143"
"1C2W|1|B|U|2149","cWW","1C2W|1|B|A|2142"
"1C2W|1|B|C|2150","cWW","1C2W|1|B|G|2141"
"1C2W|1|B|U|2151","cWW","1C2W|1|B|G|2140"
"1C2W|1|B|C|2153","cWW","1C2W|1|B|G|2138"
"1C2W|1|B|A|2154","cWW","1C2W|1|B|U|2137"
"1C2W|1|B|U|2155","cWW","1C2W|1|B|G|2136"
"1C2W|1|B|A|2158","ntWW","1C2W|1|B|U|2130"
"1C2W|1|B|G|2159","cWW","1C2W|1|B|C|2129"
"1C2W|1|B|C|2160","cWW","1C2W|1|B|G|2128"
"1C2W|1|B|C|2161","cWW","1C2W|1|B|G|2127"
"1C2W|1|B|C|2165","ncWH","1C2W|1|B|U|2166"
"1C2W|1|B|U|2166","ncHW","1C2W|1|B|C|2165"
"1C2W|1|B|C|2174","cWW","1C2W|1|B|G|2124"
"1C2W|1|B|C|2175","cWW","1C2W|1|B|G|2123"
"1C2W|1|B|A|2176","cWW","1C2W|1|B|U|2122"
"1C2W|1|B|C|2177","cWW","1C2W|1|B|G|2121"
"1C2W|1|B|C|2178","cWW","1C2W|1|B|G|2120"
"1C2W|1|B|U|2181","cWW","1C2W|1|B|A|2108"
"1C2W|1|B|U|2182","cWW","1C2W|1|B|G|2107"
"1C2W|1|B|A|2183","cWW","1C2W|1|B|U|2106"
"1C2W|1|B|A|2184","cWW","1C2W|1|B|U|2105"
"1C2W|1|B|G|2186","cWW","1C2W|1|B|C|2103"
"1C2W|1|B|U|2187","cWW","1C2W|1|B|G|2102"
"1C2W|1|B|U|2188","cWW","1C2W|1|B|A|2101"
"1C2W|1|B|U|2189","cWW","1C2W|1|B|G|2100"
"1C2W|1|B|G|2190","cWW","1C2W|1|B|U|2099"
"1C2W|1|B|A|2191","cWW","1C2W|1|B|U|2098"
"1C2W|1|B|U|2192","cWW","1C2W|1|B|A|2097"
"1C2W|1|B|G|2193","cWW","1C2W|1|B|C|2096"
"1C2W|1|B|U|2194","cWW","1C2W|1|B|A|2095"
"1C2W|1|B|U|2195","cWW","1C2W|1|B|A|2094"
"1C2W|1|B|C|2196","cWW","1C2W|1|B|G|2093"
"1C2W|1|B|C|2200","cWW","1C2W|1|B|G|2223"
"1C2W|1|B|G|2201","cWW","1C2W|1|B|C|2222"
"1C2W|1|B|U|2202","cWW","1C2W|1|B|G|2221"
"1C2W|1|B|G|2204","cWW","1C2W|1|B|U|2220"
"1C2W|1|B|A|2205","cWW","1C2W|1|B|U|2219"
"1C2W|1|B|C|2206","cWW","1C2W|1|B|G|2218"
"1C2W|1|B|C|2207","cWW","1C2W|1|B|G|2217"
"1C2W|1|B|C|2208","cWW","1C2W|1|B|G|2216"
"1C2W|1|B|G|2209","cWW","1C2W|1|B|C|2215"
"1C2W|1|B|A|2212","ntSH","1C2W|1|B|C|2214"
"1C2W|1|B|C|2214","ntHS","1C2W|1|B|A|2212"
"1C2W|1|B|C|2215","cWW","1C2W|1|B|G|2209"
"1C2W|1|B|G|2216","cWW","1C2W|1|B|C|2208"
"1C2W|1|B|G|2217","cWW","1C2W|1|B|C|2207"
"1C2W|1|B|G|2218","cWW","1C2W|1|B|C|2206"
"1C2W|1|B|U|2219","cWW","1C2W|1|B|A|2205"
"1C2W|1|B|U|2220","cWW","1C2W|1|B|G|2204"
"1C2W|1|B|G|2221","cWW","1C2W|1|B|U|2202"
"1C2W|1|B|C|2222","cWW","1C2W|1|B|G|2201"
"1C2W|1|B|G|2223","cWW","1C2W|1|B|C|2200"
"1C2W|1|B|G|2224","cSH","1C2W|1|B|A|2225"
"1C2W|1|B|A|2225","cHS","1C2W|1|B|G|2224"
"1C2W|1|B|A|2227","cWW","1C2W|1|B|U|2092"
"1C2W|1|B|G|2228","cWW","1C2W|1|B|C|2091"
"1C2W|1|B|U|2229","cWW","1C2W|1|B|A|2090"
"1C2W|1|B|G|2230","cWW","1C2W|1|B|C|2089"
"1C2W|1|B|U|2231","cWW","1C2W|1|B|A|2088"
"1C2W|1|B|C|2232","cWW","1C2W|1|B|G|2087"
"1C2W|1|B|U|2233","ncWW","1C2W|1|B|U|2086"
"1C2W|1|B|G|2234","cWW","1C2W|1|B|U|2085"
"1C2W|1|B|G|2235","cWW","1C2W|1|B|C|2084"
"1C2W|1|B|U|2236","cWW","1C2W|1|B|G|2083"
"1C2W|1|B|G|2239","cWW","1C2W|1|B|U|2081"
"1C2W|1|B|U|2240","cWW","1C2W|1|B|A|2080"
"1C2W|1|B|A|2241","cWW","1C2W|1|B|U|2079"
"1C2W|1|B|G|2242","cWW","1C2W|1|B|C|2078"
"1C2W|1|B|U|2243","cWW","1C2W|1|B|A|2077"
"1C2W|1|B|U|2245","ntSH","1C2W|1|B|A|2266"
"1C2W|1|B|G|2246","cWW","1C2W|1|B|C|2258"
"1C2W|1|B|A|2247","cWW","1C2W|1|B|U|2257"
"1C2W|1|B|A|2247","ntHH","1C2W|1|B|G|2428"
"1C2W|1|B|C|2248","cWW","1C2W|1|B|G|2256"
"1C2W|1|B|U|2249","cWW","1C2W|1|B|G|2255"
"1C2W|1|B|G|2250","cWW","1C2W|1|B|C|2254"
"1C2W|1|B|C|2254","cWW","1C2W|1|B|G|2250"
"1C2W|1|B|G|2255","cWW","1C2W|1|B|U|2249"
"1C2W|1|B|G|2256","cWW","1C2W|1|B|C|2248"
"1C2W|1|B|U|2257","cWW","1C2W|1|B|A|2247"
"1C2W|1|B|C|2258","cWW","1C2W|1|B|G|2246"
"1C2W|1|B|U|2259","cWW","1C2W|1|B|A|2281"
"1C2W|1|B|C|2260","cWW","1C2W|1|B|G|2280"
"1C2W|1|B|C|2261","cWW","1C2W|1|B|G|2279"
"1C2W|1|B|U|2262","cWW","1C2W|1|B|A|2278"
"1C2W|1|B|C|2263","cWW","1C2W|1|B|G|2277"
"1C2W|1|B|C|2264","cWW","1C2W|1|B|G|2276"
"1C2W|1|B|A|2266","ntHS","1C2W|1|B|U|2245"
"1C2W|1|B|G|2276","cWW","1C2W|1|B|C|2264"
"1C2W|1|B|G|2277","cWW","1C2W|1|B|C|2263"
"1C2W|1|B|A|2278","cWW","1C2W|1|B|U|2262"
"1C2W|1|B|G|2279","cWW","1C2W|1|B|C|2261"
"1C2W|1|B|G|2280","cWW","1C2W|1|B|C|2260"
"1C2W|1|B|A|2281","cWW","1C2W|1|B|U|2259"
"1C2W|1|B|A|2284","cWW","1C2W|1|B|U|2384"
"1C2W|1|B|C|2285","cWW","1C2W|1|B|G|2383"
"1C2W|1|B|G|2286","ncSS","1C2W|1|B|A|2288"
"1C2W|1|B|G|2286","ntSS","1C2W|1|B|U|2344"
"1C2W|1|B|A|2288","cWW","1C2W|1|B|U|2344"
"1C2W|1|B|A|2288","ncSS","1C2W|1|B|G|2286"
"1C2W|1|B|G|2289","cWW","1C2W|1|B|U|2343"
"1C2W|1|B|G|2290","cWW","1C2W|1|B|C|2342"
"1C2W|1|B|U|2291","cWW","1C2W|1|B|G|2341"
"1C2W|1|B|U|2292","cWW","1C2W|1|B|A|2340"
"1C2W|1|B|G|2293","cWW","1C2W|1|B|C|2339"
"1C2W|1|B|G|2294","cWW","1C2W|1|B|C|2338"
"1C2W|1|B|C|2295","cWW","1C2W|1|B|G|2337"
"1C2W|1|B|U|2296","cWW","1C2W|1|B|A|2336"
"1C2W|1|B|A|2297","cWW","1C2W|1|B|U|2321"
"1C2W|1|B|U|2299","cWW","1C2W|1|B|A|2317"
"1C2W|1|B|C|2300","cWW","1C2W|1|B|G|2316"
"1C2W|1|B|C|2301","cWW","1C2W|1|B|G|2315"
"1C2W|1|B|U|2302","cWW","1C2W|1|B|A|2314"
"1C2W|1|B|G|2303","cWW","1C2W|1|B|C|2313"
"1C2W|1|B|G|2304","cWW","1C2W|1|B|U|2312"
"1C2W|1|B|U|2312","cWW","1C2W|1|B|G|2304"
"1C2W|1|B|C|2313","cWW","1C2W|1|B|G|2303"
"1C2W|1|B|A|2314","cWW","1C2W|1|B|U|2302"
"1C2W|1|B|G|2315","cWW","1C2W|1|B|C|2301"
"1C2W|1|B|G|2316","cWW","1C2W|1|B|C|2300"
"1C2W|1|B|A|2317","cWW","1C2W|1|B|U|2299"
"1C2W|1|B|U|2321","cWW","1C2W|1|B|A|2297"
"1C2W|1|B|G|2323","cWW","1C2W|1|B|C|2332"
"1C2W|1|B|U|2324","cWW","1C2W|1|B|G|2331"
"1C2W|1|B|A|2328","cWW","1C2W|1|B|U|2387"
"1C2W|1|B|U|2329","cWW","1C2W|1|B|A|2386"
"1C2W|1|B|G|2330","cWW","1C2W|1|B|C|2385"
"1C2W|1|B|G|2331","cWW","1C2W|1|B|U|2324"
"1C2W|1|B|G|2331","ntSH","1C2W|1|B|U|2334"
"1C2W|1|B|C|2332","cWW","1C2W|1|B|G|2323"
"1C2W|1|B|U|2334","ntHS","1C2W|1|B|G|2331"
"1C2W|1|B|A|2336","cWW","1C2W|1|B|U|2296"
"1C2W|1|B|G|2337","cWW","1C2W|1|B|C|2295"
"1C2W|1|B|C|2338","cWW","1C2W|1|B|G|2294"
"1C2W|1|B|C|2339","cWW","1C2W|1|B|G|2293"
"1C2W|1|B|A|2340","cWW","1C2W|1|B|U|2292"
"1C2W|1|B|G|2341","cWW","1C2W|1|B|U|2291"
"1C2W|1|B|C|2342","cWW","1C2W|1|B|G|2290"
"1C2W|1|B|U|2343","cWW","1C2W|1|B|G|2289"
"1C2W|1|B|U|2344","ntSS","1C2W|1|B|G|2286"
"1C2W|1|B|U|2344","cWW","1C2W|1|B|A|2288"
"1C2W|1|B|C|2347","cWW","1C2W|1|B|G|2370"
"1C2W|1|B|U|2348","cWW","1C2W|1|B|A|2369"
"1C2W|1|B|G|2349","cWW","1C2W|1|B|C|2368"
"1C2W|1|B|C|2350","cWW","1C2W|1|B|G|2367"
"1C2W|1|B|G|2353","cWW","1C2W|1|B|C|2364"
"1C2W|1|B|C|2354","cWW","1C2W|1|B|G|2363"
"1C2W|1|B|G|2355","cWW","1C2W|1|B|C|2362"
"1C2W|1|B|C|2362","cWW","1C2W|1|B|G|2355"
"1C2W|1|B|G|2363","cWW","1C2W|1|B|C|2354"
"1C2W|1|B|C|2364","cWW","1C2W|1|B|G|2353"
"1C2W|1|B|G|2367","cWW","1C2W|1|B|C|2350"
"1C2W|1|B|C|2368","cWW","1C2W|1|B|G|2349"
"1C2W|1|B|A|2369","cWW","1C2W|1|B|U|2348"
"1C2W|1|B|G|2370","cWW","1C2W|1|B|C|2347"
"1C2W|1|B|U|2372","cWW","1C2W|1|B|A|2381"
"1C2W|1|B|G|2373","cWW","1C2W|1|B|C|2380"
"1C2W|1|B|C|2374","cWW","1C2W|1|B|G|2379"
"1C2W|1|B|G|2379","ncSS","1C2W|1|B|U|2393"
"1C2W|1|B|G|2379","cWW","1C2W|1|B|C|2374"
"1C2W|1|B|C|2380","cWW","1C2W|1|B|G|2373"
"1C2W|1|B|A|2381","cWW","1C2W|1|B|U|2372"
"1C2W|1|B|G|2383","cWW","1C2W|1|B|C|2285"
"1C2W|1|B|U|2384","cWW","1C2W|1|B|A|2284"
"1C2W|1|B|C|2385","cWW","1C2W|1|B|G|2330"
"1C2W|1|B|A|2386","cWW","1C2W|1|B|U|2329"
"1C2W|1|B|U|2387","cWW","1C2W|1|B|A|2328"
"1C2W|1|B|U|2393","ncSS","1C2W|1|B|G|2379"
"1C2W|1|B|C|2395","cWW","1C2W|1|B|G|2421"
"1C2W|1|B|G|2396","cWW","1C2W|1|B|C|2420"
"1C2W|1|B|G|2397","cWW","1C2W|1|B|U|2419"
"1C2W|1|B|U|2398","cWW","1C2W|1|B|A|2418"
"1C2W|1|B|G|2399","cWW","1C2W|1|B|C|2417"
"1C2W|1|B|G|2400","cWW","1C2W|1|B|C|2416"
"1C2W|1|B|U|2401","cWW","1C2W|1|B|G|2415"
"1C2W|1|B|U|2402","cWW","1C2W|1|B|G|2414"
"1C2W|1|B|C|2403","cWW","1C2W|1|B|G|2413"
"1C2W|1|B|U|2404","cWW","1C2W|1|B|A|2412"
"1C2W|1|B|A|2407","cWW","1C2W|1|B|U|416"
"1C2W|1|B|U|2408","cWW","1C2W|1|B|A|415"
"1C2W|1|B|G|2409","cWW","1C2W|1|B|C|414"
"1C2W|1|B|G|2410","cWW","1C2W|1|B|C|413"
"1C2W|1|B|A|2412","cWW","1C2W|1|B|U|2404"
"1C2W|1|B|G|2413","cWW","1C2W|1|B|C|2403"
"1C2W|1|B|G|2414","cWW","1C2W|1|B|U|2402"
"1C2W|1|B|G|2415","cWW","1C2W|1|B|U|2401"
"1C2W|1|B|C|2416","cWW","1C2W|1|B|G|2400"
"1C2W|1|B|C|2417","cWW","1C2W|1|B|G|2399"
"1C2W|1|B|A|2418","cWW","1C2W|1|B|U|2398"
"1C2W|1|B|U|2419","cWW","1C2W|1|B|G|2397"
"1C2W|1|B|C|2420","cWW","1C2W|1|B|G|2396"
"1C2W|1|B|G|2421","cWW","1C2W|1|B|C|2395"
"1C2W|1|B|G|2428","ntHH","1C2W|1|B|A|2247"
"1C2W|1|B|U|2431","ncWS","1C2W|1|B|A|2434"
"1C2W|1|B|A|2434","cWW","1C2W|1|B|U|2075"
"1C2W|1|B|A|2434","ncSW","1C2W|1|B|U|2431"
"1C2W|1|B|A|2435","cWW","1C2W|1|B|U|2074"
"1C2W|1|B|G|2436","cWW","1C2W|1|B|C|2073"
"1C2W|1|B|G|2437","cWW","1C2W|1|B|C|2072"
"1C2W|1|B|U|2438","cWW","1C2W|1|B|A|2071"
"1C2W|1|B|C|2440","ncWW","1C2W|1|B|A|1932"
"1C2W|1|B|U|2441","cWW","1C2W|1|B|A|2070"
"1C2W|1|B|C|2443","cWW","1C2W|1|B|G|2067"
"1C2W|1|B|G|2444","cWW","1C2W|1|B|C|2066"
"1C2W|1|B|G|2445","cWW","1C2W|1|B|C|2065"
"1C2W|1|B|G|2446","ncHW","1C2W|1|B|U|2554"
"1C2W|1|B|G|2446","cWW","1C2W|1|B|C|2064"
"1C2W|1|B|G|2447","cWW","1C2W|1|B|C|2063"
"1C2W|1|B|G|2454","ncWW","1C2W|1|B|C|2573"
"1C2W|1|B|G|2455","cWW","1C2W|1|B|C|2496"
"1C2W|1|B|C|2456","cWW","1C2W|1|B|G|2495"
"1C2W|1|B|U|2457","cWW","1C2W|1|B|G|2494"
"1C2W|1|B|G|2458","cWW","1C2W|1|B|U|2492"
"1C2W|1|B|A|2459","cWW","1C2W|1|B|U|2491"
"1C2W|1|B|U|2460","cWW","1C2W|1|B|G|2490"
"1C2W|1|B|A|2461","cWW","1C2W|1|B|U|2489"
"1C2W|1|B|C|2462","cWW","1C2W|1|B|G|2488"
"1C2W|1|B|C|2463","cWW","1C2W|1|B|G|2487"
"1C2W|1|B|G|2464","cWW","1C2W|1|B|C|2486"
"1C2W|1|B|C|2465","cWW","1C2W|1|B|G|2485"
"1C2W|1|B|C|2466","cWW","1C2W|1|B|G|2484"
"1C2W|1|B|G|2470","cWW","1C2W|1|B|C|2480"
"1C2W|1|B|A|2471","cWW","1C2W|1|B|U|2479"
"1C2W|1|B|A|2476","ncSH","1C2W|1|B|U|2477"
"1C2W|1|B|U|2477","ncHS","1C2W|1|B|A|2476"
"1C2W|1|B|U|2479","cWW","1C2W|1|B|A|2471"
"1C2W|1|B|C|2480","cWW","1C2W|1|B|G|2470"
"1C2W|1|B|G|2484","cWW","1C2W|1|B|C|2466"
"1C2W|1|B|G|2485","cWW","1C2W|1|B|C|2465"
"1C2W|1|B|C|2486","cWW","1C2W|1|B|G|2464"
"1C2W|1|B|G|2487","cWW","1C2W|1|B|C|2463"
"1C2W|1|B|G|2488","cWW","1C2W|1|B|C|2462"
"1C2W|1|B|U|2489","cWW","1C2W|1|B|A|2461"
"1C2W|1|B|G|2490","cWW","1C2W|1|B|U|2460"
"1C2W|1|B|U|2491","cWW","1C2W|1|B|A|2459"
"1C2W|1|B|U|2492","cWW","1C2W|1|B|G|2458"
"1C2W|1|B|U|2493","ncSH","1C2W|1|B|C|2496"
"1C2W|1|B|G|2494","cWW","1C2W|1|B|U|2457"
"1C2W|1|B|G|2495","cWW","1C2W|1|B|C|2456"
"1C2W|1|B|C|2496","ncHS","1C2W|1|B|U|2493"
"1C2W|1|B|C|2496","cWW","1C2W|1|B|G|2455"
"1C2W|1|B|C|2499","tSS","1C2W|1|B|A|2766"
"1C2W|1|B|U|2504","ntWH","1C2W|1|B|U|2580"
"1C2W|1|B|U|2506","cWW","1C2W|1|B|G|2582"
"1C2W|1|B|C|2507","cWW","1C2W|1|B|G|2581"
"1C2W|1|B|G|2508","cWW","1C2W|1|B|U|2580"
"1C2W|1|B|G|2509","cWW","1C2W|1|B|C|2579"
"1C2W|1|B|C|2510","cWW","1C2W|1|B|G|2578"
"1C2W|1|B|U|2511","cWW","1C2W|1|B|A|2577"
"1C2W|1|B|C|2512","cWW","1C2W|1|B|G|2576"
"1C2W|1|B|A|2513","cWW","1C2W|1|B|U|2571"
"1C2W|1|B|U|2514","cWW","1C2W|1|B|G|2570"
"1C2W|1|B|C|2515","cWW","1C2W|1|B|G|2569"
"1C2W|1|B|A|2516","cWW","1C2W|1|B|U|2568"
"1C2W|1|B|C|2517","cWW","1C2W|1|B|G|2567"
"1C2W|1|B|A|2518","cWW","1C2W|1|B|U|2546"
"1C2W|1|B|U|2519","cWW","1C2W|1|B|G|2545"
"1C2W|1|B|C|2520","cWW","1C2W|1|B|G|2544"
"1C2W|1|B|C|2521","cWW","1C2W|1|B|G|2543"
"1C2W|1|B|U|2522","cWW","1C2W|1|B|A|2541"
"1C2W|1|B|G|2523","cWW","1C2W|1|B|C|2540"
"1C2W|1|B|G|2524","cWW","1C2W|1|B|C|2539"
"1C2W|1|B|G|2525","cWW","1C2W|1|B|C|2538"
"1C2W|1|B|G|2526","cWW","1C2W|1|B|U|2537"
"1C2W|1|B|C|2527","cWW","1C2W|1|B|G|2536"
"1C2W|1|B|U|2528","cWW","1C2W|1|B|G|2535"
"1C2W|1|B|G|2535","cWW","1C2W|1|B|U|2528"
"1C2W|1|B|G|2536","cWW","1C2W|1|B|C|2527"
"1C2W|1|B|U|2537","cWW","1C2W|1|B|G|2526"
"1C2W|1|B|C|2538","cWW","1C2W|1|B|G|2525"
"1C2W|1|B|C|2539","cWW","1C2W|1|B|G|2524"
"1C2W|1|B|C|2540","cWW","1C2W|1|B|G|2523"
"1C2W|1|B|A|2541","cWW","1C2W|1|B|U|2522"
"1C2W|1|B|G|2543","cWW","1C2W|1|B|C|2521"
"1C2W|1|B|G|2544","cWW","1C2W|1|B|C|2520"
"1C2W|1|B|G|2545","cWW","1C2W|1|B|U|2519"
"1C2W|1|B|U|2546","cWW","1C2W|1|B|A|2518"
"1C2W|1|B|A|2547","cWW","1C2W|1|B|U|2561"
"1C2W|1|B|A|2547","ntHW","1C2W|1|B|A|2564"
"1C2W|1|B|U|2548","cWW","1C2W|1|B|A|2560"
"1C2W|1|B|G|2549","cWW","1C2W|1|B|C|2559"
"1C2W|1|B|G|2550","cWW","1C2W|1|B|C|2558"
"1C2W|1|B|C|2551","cWW","1C2W|1|B|G|2557"
"1C2W|1|B|U|2554","ncWH","1C2W|1|B|G|2446"
"1C2W|1|B|G|2557","cWW","1C2W|1|B|C|2551"
"1C2W|1|B|C|2558","cWW","1C2W|1|B|G|2550"
"1C2W|1|B|C|2559","cWW","1C2W|1|B|G|2549"
"1C2W|1|B|A|2560","cWW","1C2W|1|B|U|2548"
"1C2W|1|B|U|2561","cWW","1C2W|1|B|A|2547"
"1C2W|1|B|A|2564","ntWH","1C2W|1|B|A|2547"
"1C2W|1|B|G|2567","cWW","1C2W|1|B|C|2517"
"1C2W|1|B|U|2568","cWW","1C2W|1|B|A|2516"
"1C2W|1|B|G|2569","cWW","1C2W|1|B|C|2515"
"1C2W|1|B|G|2570","cWW","1C2W|1|B|U|2514"
"1C2W|1|B|U|2571","cWW","1C2W|1|B|A|2513"
"1C2W|1|B|C|2573","ncWW","1C2W|1|B|G|2454"
"1C2W|1|B|G|2576","cWW","1C2W|1|B|C|2512"
"1C2W|1|B|A|2577","cWW","1C2W|1|B|U|2511"
"1C2W|1|B|G|2578","cWW","1C2W|1|B|C|2510"
"1C2W|1|B|C|2579","cWW","1C2W|1|B|G|2509"
"1C2W|1|B|U|2580","ntHW","1C2W|1|B|U|2504"
"1C2W|1|B|U|2580","cWW","1C2W|1|B|G|2508"
"1C2W|1|B|G|2581","cWW","1C2W|1|B|C|2507"
"1C2W|1|B|G|2582","cWW","1C2W|1|B|U|2506"
"1C2W|1|B|G|2588","cWW","1C2W|1|B|C|2606"
"1C2W|1|B|A|2589","cWW","1C2W|1|B|U|2605"
"1C2W|1|B|A|2590","cWW","1C2W|1|B|U|2604"
"1C2W|1|B|C|2591","cWW","1C2W|1|B|G|2603"
"1C2W|1|B|C|2591","ncWW","1C2W|1|B|A|2602"
"1C2W|1|B|G|2592","cWW","1C2W|1|B|C|2601"
"1C2W|1|B|U|2593","cWW","1C2W|1|B|A|2600"
"1C2W|1|B|C|2594","cWW","1C2W|1|B|G|2599"
"1C2W|1|B|G|2599","cWW","1C2W|1|B|C|2594"
"1C2W|1|B|A|2600","cWW","1C2W|1|B|U|2593"
"1C2W|1|B|C|2601","cWW","1C2W|1|B|G|2592"
"1C2W|1|B|A|2602","ncWW","1C2W|1|B|C|2591"
"1C2W|1|B|G|2603","cWW","1C2W|1|B|C|2591"
"1C2W|1|B|U|2604","cWW","1C2W|1|B|A|2590"
"1C2W|1|B|U|2605","cWW","1C2W|1|B|A|2589"
"1C2W|1|B|C|2606","cWW","1C2W|1|B|G|2588"
"1C2W|1|B|C|2611","cWW","1C2W|1|B|G|2057"
"1C2W|1|B|C|2612","cWW","1C2W|1|B|G|2056"
"1C2W|1|B|U|2615","cWW","1C2W|1|B|A|2054"
"1C2W|1|B|C|2616","cWW","1C2W|1|B|G|2053"
"1C2W|1|B|U|2617","cWW","1C2W|1|B|A|2052"
"1C2W|1|B|G|2618","cWW","1C2W|1|B|C|2050"
"1C2W|1|B|C|2619","cWW","1C2W|1|B|G|2049"
"1C2W|1|B|C|2620","cWW","1C2W|1|B|G|2048"
"1C2W|1|B|G|2621","cWW","1C2W|1|B|C|2047"
"1C2W|1|B|U|2622","cWW","1C2W|1|B|G|2046"
"1C2W|1|B|G|2623","cWW","1C2W|1|B|C|2045"
"1C2W|1|B|G|2624","cWW","1C2W|1|B|C|2044"
"1C2W|1|B|G|2625","cWW","1C2W|1|B|C|2043"
"1C2W|1|B|G|2630","cWW","1C2W|1|B|C|2788"
"1C2W|1|B|G|2631","cWW","1C2W|1|B|C|2787"
"1C2W|1|B|A|2632","cWW","1C2W|1|B|U|2786"
"1C2W|1|B|G|2633","cWW","1C2W|1|B|C|2785"
"1C2W|1|B|A|2634","cWW","1C2W|1|B|U|2784"
"1C2W|1|B|A|2635","cWW","1C2W|1|B|U|2783"
"1C2W|1|B|C|2636","cWW","1C2W|1|B|G|2782"
"1C2W|1|B|U|2637","cWW","1C2W|1|B|A|2781"
"1C2W|1|B|A|2639","ntWH","1C2W|1|B|G|2643"
"1C2W|1|B|A|2639","ntWH","1C2W|1|B|G|2642"
"1C2W|1|B|G|2640","cWW","1C2W|1|B|C|2774"
"1C2W|1|B|G|2640","ncWS","1C2W|1|B|G|2775"
"1C2W|1|B|G|2641","cWW","1C2W|1|B|C|2773"
"1C2W|1|B|G|2642","ntHW","1C2W|1|B|A|2639"
"1C2W|1|B|G|2642","cWW","1C2W|1|B|C|2772"
"1C2W|1|B|G|2643","cWW","1C2W|1|B|C|2771"
"1C2W|1|B|G|2643","ntHW","1C2W|1|B|A|2639"
"1C2W|1|B|G|2644","ncSH","1C2W|1|B|G|2674"
"1C2W|1|B|G|2644","ncSW","1C2W|1|B|C|2646"
"1C2W|1|B|C|2646","cWW","1C2W|1|B|G|2674"
"1C2W|1|B|C|2646","ncWS","1C2W|1|B|G|2644"
"1C2W|1|B|U|2647","cWW","1C2W|1|B|G|2673"
"1C2W|1|B|G|2648","cWW","1C2W|1|B|U|2672"
"1C2W|1|B|C|2649","cWW","1C2W|1|B|G|2671"
"1C2W|1|B|U|2650","cWW","1C2W|1|B|A|2670"
"1C2W|1|B|C|2651","cWW","1C2W|1|B|G|2669"
"1C2W|1|B|C|2652","cWW","1C2W|1|B|G|2668"
"1C2W|1|B|U|2653","ncWW","1C2W|1|B|C|2667"
"1C2W|1|B|A|2654","ntHH","1C2W|1|B|C|2666"
"1C2W|1|B|U|2656","tWH","1C2W|1|B|A|2665"
"1C2W|1|B|A|2657","tHS","1C2W|1|B|G|2664"
"1C2W|1|B|C|2658","cWW","1C2W|1|B|G|2663"
"1C2W|1|B|G|2659","tSH","1C2W|1|B|A|2662"
"1C2W|1|B|A|2662","tHS","1C2W|1|B|G|2659"
"1C2W|1|B|G|2663","cWW","1C2W|1|B|C|2658"
"1C2W|1|B|G|2664","tSH","1C2W|1|B|A|2657"
"1C2W|1|B|A|2665","tHW","1C2W|1|B|U|2656"
"1C2W|1|B|C|2666","ntHH","1C2W|1|B|A|2654"
"1C2W|1|B|C|2667","ncWW","1C2W|1|B|U|2653"
"1C2W|1|B|G|2668","cWW","1C2W|1|B|C|2652"
"1C2W|1|B|G|2669","cWW","1C2W|1|B|C|2651"
"1C2W|1|B|A|2670","cWW","1C2W|1|B|U|2650"
"1C2W|1|B|G|2671","cWW","1C2W|1|B|C|2649"
"1C2W|1|B|U|2672","cWW","1C2W|1|B|G|2648"
"1C2W|1|B|G|2673","cWW","1C2W|1|B|U|2647"
"1C2W|1|B|G|2674","ncHS","1C2W|1|B|G|2644"
"1C2W|1|B|G|2674","cWW","1C2W|1|B|C|2646"
"1C2W|1|B|A|2675","ntHH","1C2W|1|B|U|2680"
"1C2W|1|B|C|2676","cWW","1C2W|1|B|G|2731"
"1C2W|1|B|G|2677","cWW","1C2W|1|B|C|2730"
"1C2W|1|B|C|2678","cWW","1C2W|1|B|G|2729"
"1C2W|1|B|A|2679","cWW","1C2W|1|B|U|2728"
"1C2W|1|B|U|2680","cWW","1C2W|1|B|A|2727"
"1C2W|1|B|U|2680","ntHH","1C2W|1|B|A|2675"
"1C2W|1|B|C|2683","ncWW","1C2W|1|B|U|2687"
"1C2W|1|B|C|2683","ncSH","1C2W|1|B|U|2684"
"1C2W|1|B|U|2684","ncHS","1C2W|1|B|C|2683"
"1C2W|1|B|G|2686","ncWS","1C2W|1|B|U|2728"
"1C2W|1|B|U|2687","ncWW","1C2W|1|B|C|2683"
"1C2W|1|B|C|2691","cWW","1C2W|1|B|G|2718"
"1C2W|1|B|G|2692","cWW","1C2W|1|B|C|2717"
"1C2W|1|B|G|2693","cWW","1C2W|1|B|C|2716"
"1C2W|1|B|G|2694","cWW","1C2W|1|B|C|2715"
"1C2W|1|B|U|2695","cWW","1C2W|1|B|G|2714"
"1C2W|1|B|U|2696","cWW","1C2W|1|B|A|2711"
"1C2W|1|B|G|2697","cWW","1C2W|1|B|C|2710"
"1C2W|1|B|U|2698","cWW","1C2W|1|B|G|2709"
"1C2W|1|B|C|2699","cWW","1C2W|1|B|G|2708"
"1C2W|1|B|A|2700","cWW","1C2W|1|B|U|2707"
"1C2W|1|B|U|2701","ntSH","1C2W|1|B|A|2705"
"1C2W|1|B|U|2701","cWW","1C2W|1|B|A|2706"
"1C2W|1|B|C|2703","ntHW","1C2W|1|B|C|1694"
"1C2W|1|B|A|2705","ntHS","1C2W|1|B|U|2701"
"1C2W|1|B|A|2706","cWW","1C2W|1|B|U|2701"
"1C2W|1|B|U|2707","cWW","1C2W|1|B|A|2700"
"1C2W|1|B|G|2708","cWW","1C2W|1|B|C|2699"
"1C2W|1|B|G|2709","cWW","1C2W|1|B|U|2698"
"1C2W|1|B|C|2710","cWW","1C2W|1|B|G|2697"
"1C2W|1|B|A|2711","cWW","1C2W|1|B|U|2696"
"1C2W|1|B|G|2714","cWW","1C2W|1|B|U|2695"
"1C2W|1|B|C|2715","cWW","1C2W|1|B|G|2694"
"1C2W|1|B|C|2716","cWW","1C2W|1|B|G|2693"
"1C2W|1|B|C|2717","cWW","1C2W|1|B|G|2692"
"1C2W|1|B|G|2718","cWW","1C2W|1|B|C|2691"
"1C2W|1|B|U|2724","ncSW","1C2W|1|B|A|2725"
"1C2W|1|B|A|2725","ncWS","1C2W|1|B|U|2724"
"1C2W|1|B|A|2727","cWW","1C2W|1|B|U|2680"
"1C2W|1|B|U|2728","ncSW","1C2W|1|B|G|2686"
"1C2W|1|B|U|2728","cWW","1C2W|1|B|A|2679"
"1C2W|1|B|G|2729","cWW","1C2W|1|B|C|2678"
"1C2W|1|B|C|2730","cWW","1C2W|1|B|G|2677"
"1C2W|1|B|G|2731","cWW","1C2W|1|B|C|2676"
"1C2W|1|B|G|2735","cWW","1C2W|1|B|U|2769"
"1C2W|1|B|A|2736","cWW","1C2W|1|B|U|2768"
"1C2W|1|B|G|2737","cWW","1C2W|1|B|C|2767"
"1C2W|1|B|G|2742","cWW","1C2W|1|B|C|2762"
"1C2W|1|B|U|2743","cWW","1C2W|1|B|A|2761"
"1C2W|1|B|G|2744","cWW","1C2W|1|B|C|2760"
"1C2W|1|B|C|2745","cWW","1C2W|1|B|G|2759"
"1C2W|1|B|U|2746","cWW","1C2W|1|B|A|2758"
"1C2W|1|B|C|2752","ntWH","1C2W|1|B|A|1020"
"1C2W|1|B|A|2758","cWW","1C2W|1|B|U|2746"
"1C2W|1|B|G|2759","cWW","1C2W|1|B|C|2745"
"1C2W|1|B|C|2760","cWW","1C2W|1|B|G|2744"
"1C2W|1|B|A|2761","cWW","1C2W|1|B|U|2743"
"1C2W|1|B|C|2762","cWW","1C2W|1|B|G|2742"
"1C2W|1|B|A|2766","tSS","1C2W|1|B|C|2499"
"1C2W|1|B|C|2767","cWW","1C2W|1|B|G|2737"
"1C2W|1|B|U|2768","cWW","1C2W|1|B|A|2736"
"1C2W|1|B|U|2769","cWW","1C2W|1|B|G|2735"
"1C2W|1|B|U|2769","ncWH","1C2W|1|B|G|2770"
"1C2W|1|B|G|2770","ncHW","1C2W|1|B|U|2769"
"1C2W|1|B|C|2771","cWW","1C2W|1|B|G|2643"
"1C2W|1|B|C|2772","cWW","1C2W|1|B|G|2642"
"1C2W|1|B|C|2773","cWW","1C2W|1|B|G|2641"
"1C2W|1|B|C|2774","cWW","1C2W|1|B|G|2640"
"1C2W|1|B|G|2775","ncSW","1C2W|1|B|G|2640"
"1C2W|1|B|A|2781","cWW","1C2W|1|B|U|2637"
"1C2W|1|B|G|2782","cWW","1C2W|1|B|C|2636"
"1C2W|1|B|U|2783","cWW","1C2W|1|B|A|2635"
"1C2W|1|B|U|2784","cWW","1C2W|1|B|A|2634"
"1C2W|1|B|C|2785","cWW","1C2W|1|B|G|2633"
"1C2W|1|B|U|2786","cWW","1C2W|1|B|A|2632"
"1C2W|1|B|C|2787","cWW","1C2W|1|B|G|2631"
"1C2W|1|B|C|2788","cWW","1C2W|1|B|G|2630"
"1C2W|1|B|G|2791","cWW","1C2W|1|B|C|2805"
"1C2W|1|B|A|2792","cWW","1C2W|1|B|U|2804"
"1C2W|1|B|C|2793","cWW","1C2W|1|B|G|2803"
"1C2W|1|B|C|2794","cWW","1C2W|1|B|G|2802"
"1C2W|1|B|C|2795","cWW","1C2W|1|B|G|2801"
"1C2W|1|B|U|2796","cWW","1C2W|1|B|A|2800"
"1C2W|1|B|A|2800","cWW","1C2W|1|B|U|2796"
"1C2W|1|B|G|2801","ntHW","1C2W|1|B|G|2892"
"1C2W|1|B|G|2801","cWW","1C2W|1|B|C|2795"
"1C2W|1|B|G|2802","cWW","1C2W|1|B|C|2794"
"1C2W|1|B|G|2803","cWW","1C2W|1|B|C|2793"
"1C2W|1|B|U|2804","cWW","1C2W|1|B|A|2792"
"1C2W|1|B|C|2805","cWW","1C2W|1|B|G|2791"
"1C2W|1|B|G|2811","cWW","1C2W|1|B|C|2889"
"1C2W|1|B|G|2812","cWW","1C2W|1|B|C|2888"
"1C2W|1|B|A|2813","cWW","1C2W|1|B|U|2833"
"1C2W|1|B|A|2814","cWW","1C2W|1|B|U|2832"
"1C2W|1|B|C|2815","cWW","1C2W|1|B|G|2831"
"1C2W|1|B|G|2816","cWW","1C2W|1|B|C|2830"
"1C2W|1|B|U|2817","cWW","1C2W|1|B|A|2829"
"1C2W|1|B|U|2818","cWW","1C2W|1|B|G|2828"
"1C2W|1|B|G|2819","cWW","1C2W|1|B|C|2827"
"1C2W|1|B|C|2827","cWW","1C2W|1|B|G|2819"
"1C2W|1|B|G|2828","cWW","1C2W|1|B|U|2818"
"1C2W|1|B|A|2829","cWW","1C2W|1|B|U|2817"
"1C2W|1|B|C|2830","cWW","1C2W|1|B|G|2816"
"1C2W|1|B|G|2831","cWW","1C2W|1|B|C|2815"
"1C2W|1|B|U|2832","cWW","1C2W|1|B|A|2814"
"1C2W|1|B|U|2833","cWW","1C2W|1|B|A|2813"
"1C2W|1|B|U|2836","ntHH","1C2W|1|B|A|2879"
"1C2W|1|B|U|2836","cWW","1C2W|1|B|A|2882"
"1C2W|1|B|A|2837","cWW","1C2W|1|B|U|2881"
"1C2W|1|B|G|2838","cWW","1C2W|1|B|C|2880"
"1C2W|1|B|G|2839","cWW","1C2W|1|B|U|2878"
"1C2W|1|B|C|2840","cWW","1C2W|1|B|G|2877"
"1C2W|1|B|C|2841","cWW","1C2W|1|B|G|2876"
"1C2W|1|B|G|2842","cWW","1C2W|1|B|C|2875"
"1C2W|1|B|G|2843","cWW","1C2W|1|B|C|2874"
"1C2W|1|B|G|2843","ntWW","1C2W|1|B|U|2847"
"1C2W|1|B|U|2847","ntWW","1C2W|1|B|G|2843"
"1C2W|1|B|A|2851","cWW","1C2W|1|B|U|2866"
"1C2W|1|B|G|2852","cWW","1C2W|1|B|U|2865"
"1C2W|1|B|C|2853","cWW","1C2W|1|B|G|2864"
"1C2W|1|B|G|2854","cWW","1C2W|1|B|C|2863"
"1C2W|1|B|C|2855","cWW","1C2W|1|B|G|2862"
"1C2W|1|B|A|2856","cWW","1C2W|1|B|U|2861"
"1C2W|1|B|U|2861","cWW","1C2W|1|B|A|2856"
"1C2W|1|B|G|2862","cWW","1C2W|1|B|C|2855"
"1C2W|1|B|C|2863","cWW","1C2W|1|B|G|2854"
"1C2W|1|B|G|2864","cWW","1C2W|1|B|C|2853"
"1C2W|1|B|U|2865","cWW","1C2W|1|B|G|2852"
"1C2W|1|B|U|2866","cWW","1C2W|1|B|A|2851"
"1C2W|1|B|C|2874","cWW","1C2W|1|B|G|2843"
"1C2W|1|B|C|2875","cWW","1C2W|1|B|G|2842"
"1C2W|1|B|G|2876","cWW","1C2W|1|B|C|2841"
"1C2W|1|B|G|2877","cWW","1C2W|1|B|C|2840"
"1C2W|1|B|U|2878","cWW","1C2W|1|B|G|2839"
"1C2W|1|B|A|2879","ntHH","1C2W|1|B|U|2836"
"1C2W|1|B|C|2880","cWW","1C2W|1|B|G|2838"
"1C2W|1|B|U|2881","cWW","1C2W|1|B|A|2837"
"1C2W|1|B|A|2882","cWW","1C2W|1|B|U|2836"
"1C2W|1|B|U|2884","ntHH","1C2W|1|B|C|2889"
"1C2W|1|B|C|2888","cWW","1C2W|1|B|G|2812"
"1C2W|1|B|C|2889","ntHH","1C2W|1|B|U|2884"
"1C2W|1|B|C|2889","cWW","1C2W|1|B|G|2811"
"1C2W|1|B|G|2892","ntWH","1C2W|1|B|G|2801"
"1C2W|1|B|G|2895","cWW","1C2W|1|B|C|8"
"1C2W|1|B|C|2896","cWW","1C2W|1|B|G|7"
"1C2W|1|B|U|2897","cWW","1C2W|1|B|A|6"
"1C2W|1|B|U|2898","cWW","1C2W|1|B|A|5"
"1C2W|1|B|A|2899","cWW","1C2W|1|B|U|4"
"1C2W|1|B|A|2900","cWW","1C2W|1|B|U|3"
"1C2W|1|B|C|2901","cWW","1C2W|1|B|G|2"
"1C2W|1|B|C|2902","ncHS","1C2W|1|B|U|2903"
"1C2W|1|B|C|2902","cWW","1C2W|1|B|G|1"
"1C2W|1|B|U|2903","ncSH","1C2W|1|B|C|2902"
