1vy4	AB:CB	2	uS02
1vy4	AC:CC	3	uS03
1vy4	AD:CD	4	uS04
1vy4	AE:CE	5	uS05
1vy4	AF:CF	6	bS06
1vy4	AG:CG	7	uS07
1vy4	AH:CH	8	uS08
1vy4	AI:CI	9	uS09
1vy4	AJ:CJ	10	uS10
1vy4	AK:CK	11	uS11
1vy4	AL:CL	12	uS12
1vy4	AM:CM	13	uS13
1vy4	AN:CN	14	uS14
1vy4	AO:CO	15	uS15
1vy4	AP:CP	16	bS16
1vy4	AQ:CQ	17	uS17
1vy4	AR:CR	18	bS18
1vy4	AS:CS	19	uS19
1vy4	AT:CT	20	bS20
1vy4	BD:DD	28	uL02
1vy4	BE:DE	29	uL03
1vy4	BF:DF	30	uL04
1vy4	BG:DG	31	uL05
1vy4	BH:DH	32	uL06
1vy4	BI:DI	33	bL09
1vy4	BN:DN	34	uL13
1vy4	BO:DO	35	uL14
1vy4	BP:DP	36	uL15
1vy4	BQ:DQ	37	uL16
1vy4	BR:DR	38	bL17
1vy4	BS:DS	39	uL18
1vy4	BT:DT	40	bL19
1vy4	BU:DU	41	bL20
1vy4	BV:DV	42	bL21
1vy4	BW:DW	43	uL22
1vy4	BX:DX	44	uL23
1vy4	BY:DY	45	uL24
1vy4	BZ:DZ	46	bL25
1vy4	B0:D0	47	bL27
1vy4	B1:D1	48	bL28
1vy4	B2:D2	49	uL29
1vy4	B3:D3	50	uL30
1vy4	B4:D4	51	bL31
1vy4	B5:D5	52	bL32
1vy4	B6:D6	53	bL33
1vy4	B7:D7	54	bL34
1vy4	B8:D8	55	bL35
1vy4	B9:D9	56	bL36
4v6u	AQ	1	uS15
4v6u	AK	2	uS09
4v6u	AI	3	uS08
4v6u	AG	4	aS06
4v6u	AW	5	aS27
4v6u	AC	6	uS03
4v6u	AB	7	uS02
4v6u	AR	8	uS17
4v6u	AD	10	uS04
4v6u	AN	12	uS12
4v6u	AX	13	aS28
4v6u	AM	14	uS11
4v6u	AE	15	aS04
4v6u	AJ	16	aS08
4v6u	AO	17	uS13
4v6u	AF	18	uS05
4v6u	AS	19	aS17
4v6u	A3:BG:B4	20	aL08
4v6u	AY	22	aS31
4v6u	AT	23	uS19
4v6u	AA	24	aS01
4v6u	AH	25	uS07
4v6u	AP	26	uS14
4v6u	AV:B6	28	aS24
4v6u	AL	29	uS10
4v6u	AU	30	aS19
4v6u	BY	31	uL30
4v6u	BO	32	uL18
4v6u	BC	33	uL03
4v6u	B5:BK	34	aL14
4v6u	BL	35	uL15
4v6u	Bf	36	aL39
4v6u	BU	37	uL24
4v6u	Bb	38	aL32
4v6u	Be	39	aL37
4v6u	BE	40	uL05
4v6u	Ba	41	aL31
4v6u	BT	42	uL23
4v6u	Bk	43	uL10
4v6u	BW	44	uL29
4v6u	Bi	45	aL43
4v6u	BA	46	uL01
4v6u	BI	47	uL13
4v6u	BR	48	aL21
4v6u	BQ	49	aL19
4v6u	BV	50	aL24
4v6u	Bj	51	aL42
4v6u	BB	52	uL02
4v6u	BD	53	uL04
4v6u	BF	54	uL06
4v6u	Bh	55	aL41
4v6u	BH	56	uL11
4v6u	BZ	57	aL30
4v6u	BP	58	aL18
4v6u	BM	59	aL15
4v6u	BS	60	uL22
4v6u	Bd	61	aL34
4v6u	BN	62	uL16
4v6u	Bg	63	aL40
4v6u	Bc	64	aL33
4v6u	BJ	65	uL14
4v6u	Bl	66	aL20
4ug0	LA	4	uL02
4ug0	LB	5	uL03
4ug0	LC	6	uL04
4ug0	LD	7	uL18
4ug0	LE	8	eL06
4ug0	LF	9	uL30
4ug0	LG	10	aL08
4ug0	LH	11	uL06
4ug0	LI	12	uL16
4ug0	LJ	13	uL05
4ug0	LL	14	aL13
4ug0	LM	15	aL14
4ug0	LN	16	aL15
4ug0	LO	17	uL13
4ug0	LP	18	uL22
4ug0	LQ	19	aL18
4ug0	LR	20	aL19
4ug0	LS	21	aL20
4ug0	LT	22	aL21
4ug0	LU	23	eL22
4ug0	LV	24	uL14
4ug0	LW	25	aL24
4ug0	LX	26	uL23
4ug0	LY	27	uL24
4ug0	LZ	28	eL27
4ug0	La	29	uL15
4ug0	Lb	30	eL29
4ug0	Lc	31	aL30
4ug0	Ld	32	aL31
4ug0	Le	33	aL32
4ug0	Lf	34	aL33
4ug0	Lg	35	aL34
4ug0	Lh	36	uL29
4ug0	Li	37	eL36
4ug0	Lj	38	aL37
4ug0	Lk	39	aL38
4ug0	Ll	40	aL39
4ug0	Lm	41	aL40
4ug0	Ln	42	aL41
4ug0	Lo	43	aL42
4ug0	Lp	44	aL43
4ug0	Lr	45	eL28
4ug0	Lz	46	uL01
4ug0	SA	49	uS02
4ug0	SB	50	aS01
4ug0	SD	51	uS03
4ug0	SE	52	aS04
4ug0	SF	53	uS07
4ug0	SH	54	eS07
4ug0	SI	55	aS08
4ug0	SK	56	eS10
4ug0	SL	57	uS17
4ug0	SP	58	uS19
4ug0	SQ	59	uS09
4ug0	SR	60	aS17
4ug0	SS	61	uS13
4ug0	ST	62	aS19
4ug0	SU	63	uS10
4ug0	SV	64	eS21
4ug0	SX	65	uS12
4ug0	Sa	66	eS26
4ug0	Sc	67	aS28
4ug0	Sd	68	uS14
4ug0	Sf	69	aS31
4ug0	SC	71	uS05
4ug0	SG	72	aS06
4ug0	SJ	73	uS04
4ug0	SN	75	uS15
4ug0	SO	76	uS11
4ug0	SW	77	uS08
4ug0	SY	78	aS24
4ug0	SZ	79	aS25
4ug0	Sb	80	aS27
4ug0	Se	81	aS30
